device_name,device_type,eq_variant,data_source,loss_type,score_before_eq,score_with_eq,score_delta,preamp_db,num_filters,generator_version,generated_at,source_file,f1_type,f1_fc_hz,f1_gain_db,f1_q,f2_type,f2_fc_hz,f2_gain_db,f2_q,f3_type,f3_fc_hz,f3_gain_db,f3_q,f4_type,f4_fc_hz,f4_gain_db,f4_q,f5_type,f5_fc_hz,f5_gain_db,f5_q,f6_type,f6_fc_hz,f6_gain_db,f6_q,f7_type,f7_fc_hz,f7_gain_db,f7_q,f8_type,f8_fc_hz,f8_gain_db,f8_q,f9_type,f9_fc_hz,f9_gain_db,f9_q,f10_type,f10_fc_hz,f10_gain_db,f10_q,f11_type,f11_fc_hz,f11_gain_db,f11_q,f12_type,f12_fc_hz,f12_gain_db,f12_q,f13_type,f13_fc_hz,f13_gain_db,f13_q,f14_type,f14_fc_hz,f14_gain_db,f14_q,f15_type,f15_fc_hz,f15_gain_db,f15_q,f16_type,f16_fc_hz,f16_gain_db,f16_q,f17_type,f17_fc_hz,f17_gain_db,f17_q,f18_type,f18_fc_hz,f18_gain_db,f18_q,f19_type,f19_fc_hz,f19_gain_db,f19_q,f20_type,f20_fc_hz,f20_gain_db,f20_q,f21_type,f21_fc_hz,f21_gain_db,f21_q,f22_type,f22_fc_hz,f22_gain_db,f22_q,f23_type,f23_fc_hz,f23_gain_db,f23_q,f24_type,f24_fc_hz,f24_gain_db,f24_q,f25_type,f25_fc_hz,f25_gain_db,f25_q,f26_type,f26_fc_hz,f26_gain_db,f26_q,f27_type,f27_fc_hz,f27_gain_db,f27_q,f28_type,f28_fc_hz,f28_gain_db,f28_q,f29_type,f29_fc_hz,f29_gain_db,f29_q,f30_type,f30_fc_hz,f30_gain_db,f30_q,f31_type,f31_fc_hz,f31_gain_db,f31_q
1More P50,headphone,flat,,HeadphoneFlat,,,,-6.0,7,,,headphone_eq/1More P50/iir-autoeq-flat.txt,PK,69.0,-1.6,4.43,PK,71.0,6.0,1.35,PK,171.0,1.45,3.83,PK,396.0,3.56,1.33,PK,657.0,2.64,1.11,PK,1568.0,-4.49,3.63,PK,5114.0,6.0,0.5,,,,,,,,,,,,,,,,,,,,,,,,,,,,,,,,,,,,,,,,,,,,,,,,,,,,,,,,,,,,,,,,,,,,,,,,,,,,,,,,,,,,,,,,,,,,,,,,
1More P50,headphone,score,,HeadphoneScore,,,,-6.0,7,,,headphone_eq/1More P50/iir-autoeq-score.txt,PK,60.0,3.92,1.75,PK,88.0,3.74,3.89,PK,165.0,1.74,2.37,PK,425.0,3.7,1.1,PK,657.0,1.7,1.44,PK,1634.0,-3.99,3.95,PK,5694.0,6.0,0.5,,,,,,,,,,,,,,,,,,,,,,,,,,,,,,,,,,,,,,,,,,,,,,,,,,,,,,,,,,,,,,,,,,,,,,,,,,,,,,,,,,,,,,,,,,,,,,,,
1More Sonoflow NC,headphone,score,,HeadphoneScore,,,,-6.0,7,,,headphone_eq/1More Sonoflow NC/iir-autoeq-score.txt,PK,62.0,2.62,3.07,PK,64.0,-3.72,3.08,PK,295.0,-2.1,0.5,PK,429.0,4.24,1.52,PK,657.0,3.37,3.14,PK,1678.0,-2.53,5.09,PK,5916.0,6.0,0.5,,,,,,,,,,,,,,,,,,,,,,,,,,,,,,,,,,,,,,,,,,,,,,,,,,,,,,,,,,,,,,,,,,,,,,,,,,,,,,,,,,,,,,,,,,,,,,,,
64 Audio tia Trió,headphone,flat,,HeadphoneFlat,,,,-4.4,7,,,headphone_eq/64 Audio tia Trió/iir-autoeq-flat.txt,PK,118.0,0.95,2.64,PK,133.0,1.39,2.18,PK,141.0,-2.98,1.43,PK,296.0,-0.24,0.78,PK,1095.0,2.29,2.33,PK,1943.0,-3.5,1.81,PK,4406.0,4.63,0.97,,,,,,,,,,,,,,,,,,,,,,,,,,,,,,,,,,,,,,,,,,,,,,,,,,,,,,,,,,,,,,,,,,,,,,,,,,,,,,,,,,,,,,,,,,,,,,,,
64 Audio tia Trió,headphone,score,,HeadphoneScore,,,,-4.8,7,,,headphone_eq/64 Audio tia Trió/iir-autoeq-score.txt,PK,60.0,0.15,2.56,PK,133.0,2.14,2.79,PK,146.0,-2.93,1.51,PK,314.0,-0.24,1.29,PK,1102.0,2.2,2.06,PK,1894.0,-3.73,2.35,PK,5239.0,4.92,0.84,,,,,,,,,,,,,,,,,,,,,,,,,,,,,,,,,,,,,,,,,,,,,,,,,,,,,,,,,,,,,,,,,,,,,,,,,,,,,,,,,,,,,,,,,,,,,,,,
7HZ Crinacle Zero_ 2,headphone,flat,,HeadphoneFlat,,,,-4.8,7,,,headphone_eq/7HZ Crinacle Zero_ 2/iir-autoeq-flat.txt,PK,84.0,-2.51,3.46,PK,90.0,4.12,1.88,PK,295.0,-4.06,0.5,PK,332.0,3.26,0.87,PK,657.0,2.24,1.14,PK,1460.0,-0.62,3.0,PK,6133.0,4.79,1.01,,,,,,,,,,,,,,,,,,,,,,,,,,,,,,,,,,,,,,,,,,,,,,,,,,,,,,,,,,,,,,,,,,,,,,,,,,,,,,,,,,,,,,,,,,,,,,,,
7HZ Crinacle Zero_ 2,headphone,score,,HeadphoneScore,,,,-5.5,7,,,headphone_eq/7HZ Crinacle Zero_ 2/iir-autoeq-score.txt,PK,73.0,-2.43,2.62,PK,76.0,3.31,2.29,PK,297.0,-3.89,1.45,PK,317.0,3.72,2.4,PK,657.0,1.77,1.84,PK,1520.0,-0.37,1.82,PK,6104.0,5.52,1.31,,,,,,,,,,,,,,,,,,,,,,,,,,,,,,,,,,,,,,,,,,,,,,,,,,,,,,,,,,,,,,,,,,,,,,,,,,,,,,,,,,,,,,,,,,,,,,,,
7HZ Salnotes Zero,headphone,flat,,HeadphoneFlat,,,,-3.6,7,,,headphone_eq/7HZ Salnotes Zero/iir-autoeq-flat.txt,PK,80.0,-3.01,2.93,PK,81.0,6.0,1.06,PK,140.0,-1.34,2.39,PK,450.0,1.48,2.66,PK,657.0,1.82,2.76,PK,2556.0,1.27,2.95,PK,3243.0,0.28,2.3,,,,,,,,,,,,,,,,,,,,,,,,,,,,,,,,,,,,,,,,,,,,,,,,,,,,,,,,,,,,,,,,,,,,,,,,,,,,,,,,,,,,,,,,,,,,,,,,
7HZ Salnotes Zero,headphone,score,,HeadphoneScore,,,,-4.3,7,,,headphone_eq/7HZ Salnotes Zero/iir-autoeq-score.txt,PK,83.0,3.72,0.64,PK,133.0,1.11,1.52,PK,144.0,-2.56,1.56,PK,459.0,0.96,3.04,PK,657.0,1.99,2.11,PK,1467.0,-0.38,2.93,PK,8596.0,4.26,1.3,,,,,,,,,,,,,,,,,,,,,,,,,,,,,,,,,,,,,,,,,,,,,,,,,,,,,,,,,,,,,,,,,,,,,,,,,,,,,,,,,,,,,,,,,,,,,,,,
7HZ Timeless,headphone,flat,,HeadphoneFlat,,,,-5.3,7,,,headphone_eq/7HZ Timeless/iir-autoeq-flat.txt,PK,72.0,-3.45,3.56,PK,73.0,5.95,1.47,PK,168.0,-1.44,0.5,PK,385.0,2.32,1.12,PK,657.0,2.34,1.11,PK,1637.0,-2.2,2.73,PK,3572.0,5.32,1.64,,,,,,,,,,,,,,,,,,,,,,,,,,,,,,,,,,,,,,,,,,,,,,,,,,,,,,,,,,,,,,,,,,,,,,,,,,,,,,,,,,,,,,,,,,,,,,,,
7HZ Timeless,headphone,score,,HeadphoneScore,,,,-4.7,7,,,headphone_eq/7HZ Timeless/iir-autoeq-score.txt,PK,74.0,-2.78,3.11,PK,75.0,5.16,1.6,PK,295.0,-1.91,0.5,PK,375.0,3.23,1.22,PK,657.0,2.86,1.21,PK,1687.0,-3.2,2.47,PK,3991.0,4.81,0.71,,,,,,,,,,,,,,,,,,,,,,,,,,,,,,,,,,,,,,,,,,,,,,,,,,,,,,,,,,,,,,,,,,,,,,,,,,,,,,,,,,,,,,,,,,,,,,,,
ABYSS Headphones AB-1266 Phi TC,headphone,flat,,HeadphoneFlat,,,,-6.5,7,,,headphone_eq/ABYSS Headphones AB-1266 Phi TC/iir-autoeq-flat.txt,PK,60.0,0.93,2.39,PK,78.0,4.94,0.96,PK,173.0,4.67,1.07,PK,396.0,4.18,2.74,PK,776.0,5.47,1.44,PK,1965.0,4.5,2.44,PK,5017.0,5.9,0.98,,,,,,,,,,,,,,,,,,,,,,,,,,,,,,,,,,,,,,,,,,,,,,,,,,,,,,,,,,,,,,,,,,,,,,,,,,,,,,,,,,,,,,,,,,,,,,,,
ABYSS Headphones AB-1266 Phi TC,headphone,score,,HeadphoneScore,,,,-10.1,7,,,headphone_eq/ABYSS Headphones AB-1266 Phi TC/iir-autoeq-score.txt,PK,61.0,4.32,1.25,PK,100.0,5.95,0.58,PK,215.0,5.38,0.71,PK,452.0,4.85,1.45,PK,929.0,5.69,1.18,PK,2064.0,5.99,0.7,PK,6385.0,6.0,0.51,,,,,,,,,,,,,,,,,,,,,,,,,,,,,,,,,,,,,,,,,,,,,,,,,,,,,,,,,,,,,,,,,,,,,,,,,,,,,,,,,,,,,,,,,,,,,,,,
AKG K240,headphone,flat,,HeadphoneFlat,,,,-2.5,7,,,headphone_eq/AKG K240/iir-autoeq-flat.txt,PK,62.0,0.27,4.53,PK,136.0,-4.34,0.91,PK,451.0,-8.49,0.5,PK,472.0,3.72,2.22,PK,1465.0,1.56,2.58,PK,1580.0,3.54,3.59,PK,4477.0,1.28,5.71,,,,,,,,,,,,,,,,,,,,,,,,,,,,,,,,,,,,,,,,,,,,,,,,,,,,,,,,,,,,,,,,,,,,,,,,,,,,,,,,,,,,,,,,,,,,,,,,
AKG K240,headphone,score,,HeadphoneScore,,,,-2.5,7,,,headphone_eq/AKG K240/iir-autoeq-score.txt,PK,61.0,0.14,4.3,PK,136.0,-4.71,0.93,PK,419.0,-8.22,0.6,PK,463.0,3.69,2.63,PK,1667.0,6.0,2.39,PK,4203.0,6.0,2.0,PK,5059.0,-6.86,0.5,,,,,,,,,,,,,,,,,,,,,,,,,,,,,,,,,,,,,,,,,,,,,,,,,,,,,,,,,,,,,,,,,,,,,,,,,,,,,,,,,,,,,,,,,,,,,,,,
AKG K271,headphone,flat,,HeadphoneFlat,,,,-6.0,7,,,headphone_eq/AKG K271/iir-autoeq-flat.txt,PK,60.0,1.16,4.41,PK,77.0,5.76,0.9,PK,241.0,3.44,3.37,PK,429.0,-0.47,1.98,PK,1255.0,2.21,1.67,PK,1468.0,-4.07,2.75,PK,4718.0,5.96,0.76,,,,,,,,,,,,,,,,,,,,,,,,,,,,,,,,,,,,,,,,,,,,,,,,,,,,,,,,,,,,,,,,,,,,,,,,,,,,,,,,,,,,,,,,,,,,,,,,
AKG K271,headphone,score,,HeadphoneScore,,,,-6.0,7,,,headphone_eq/AKG K271/iir-autoeq-score.txt,PK,60.0,5.06,1.28,PK,89.0,3.14,2.26,PK,222.0,3.19,1.7,PK,576.0,-0.98,2.14,PK,1475.0,5.21,2.23,PK,1512.0,-7.11,2.83,PK,4795.0,6.0,0.97,,,,,,,,,,,,,,,,,,,,,,,,,,,,,,,,,,,,,,,,,,,,,,,,,,,,,,,,,,,,,,,,,,,,,,,,,,,,,,,,,,,,,,,,,,,,,,,,
AKG K271 MK II,headphone,flat,,HeadphoneFlat,,,,-6.0,7,,,headphone_eq/AKG K271 MK II/iir-autoeq-flat.txt,PK,69.0,-0.66,2.42,PK,76.0,5.77,0.76,PK,182.0,4.68,1.25,PK,353.0,-1.35,0.72,PK,1027.0,1.0,1.56,PK,1495.0,-1.92,2.25,PK,3344.0,4.55,1.42,,,,,,,,,,,,,,,,,,,,,,,,,,,,,,,,,,,,,,,,,,,,,,,,,,,,,,,,,,,,,,,,,,,,,,,,,,,,,,,,,,,,,,,,,,,,,,,,
AKG K271 MK II,headphone,score,,HeadphoneScore,,,,-6.0,7,,,headphone_eq/AKG K271 MK II/iir-autoeq-score.txt,PK,64.0,0.08,2.12,PK,81.0,5.38,0.54,PK,177.0,2.91,1.26,PK,602.0,-4.58,1.41,PK,702.0,4.1,1.13,PK,1572.0,-4.05,3.26,PK,3703.0,6.0,1.48,,,,,,,,,,,,,,,,,,,,,,,,,,,,,,,,,,,,,,,,,,,,,,,,,,,,,,,,,,,,,,,,,,,,,,,,,,,,,,,,,,,,,,,,,,,,,,,,
AKG K371,headphone,flat,,HeadphoneFlat,,,,-6.0,7,,,headphone_eq/AKG K371/iir-autoeq-flat.txt,PK,63.0,2.54,3.29,PK,72.0,-3.05,0.5,PK,295.0,-3.72,1.62,PK,327.0,3.78,2.29,PK,1460.0,-2.62,1.82,PK,1776.0,2.27,1.61,PK,8634.0,6.0,0.5,,,,,,,,,,,,,,,,,,,,,,,,,,,,,,,,,,,,,,,,,,,,,,,,,,,,,,,,,,,,,,,,,,,,,,,,,,,,,,,,,,,,,,,,,,,,,,,,
AKG K371,headphone,score,,HeadphoneScore,,,,-5.4,7,,,headphone_eq/AKG K371/iir-autoeq-score.txt,PK,67.0,3.49,3.18,PK,73.0,-3.86,0.75,PK,203.0,-1.49,1.94,PK,314.0,-0.09,1.24,PK,996.0,-1.1,2.53,PK,1652.0,-1.08,1.78,PK,5750.0,5.45,0.5,,,,,,,,,,,,,,,,,,,,,,,,,,,,,,,,,,,,,,,,,,,,,,,,,,,,,,,,,,,,,,,,,,,,,,,,,,,,,,,,,,,,,,,,,,,,,,,,
AKG K60,headphone,score,,HeadphoneScore,,,,-3.4,7,,,headphone_eq/AKG K60/iir-autoeq-score.txt,PK,62.0,6.0,1.16,PK,117.0,-9.8,2.82,PK,165.0,-8.72,1.51,PK,337.0,-16.57,0.84,PK,1297.0,5.25,1.43,PK,2979.0,-4.62,0.5,PK,3243.0,6.0,4.97,,,,,,,,,,,,,,,,,,,,,,,,,,,,,,,,,,,,,,,,,,,,,,,,,,,,,,,,,,,,,,,,,,,,,,,,,,,,,,,,,,,,,,,,,,,,,,,,
AKG K701,headphone,flat,,HeadphoneFlat,,,,-1.6,7,,,headphone_eq/AKG K701/iir-autoeq-flat.txt,PK,78.0,1.31,2.09,PK,136.0,-3.05,0.87,PK,295.0,-7.66,0.78,PK,309.0,2.45,2.63,PK,1482.0,3.95,1.99,PK,2284.0,-7.4,1.92,PK,3374.0,3.36,3.6,,,,,,,,,,,,,,,,,,,,,,,,,,,,,,,,,,,,,,,,,,,,,,,,,,,,,,,,,,,,,,,,,,,,,,,,,,,,,,,,,,,,,,,,,,,,,,,,
AKG K701,headphone,score,,HeadphoneScore,,,,-1.6,7,,,headphone_eq/AKG K701/iir-autoeq-score.txt,PK,76.0,1.28,4.23,PK,160.0,1.12,2.65,PK,166.0,-5.77,0.91,PK,353.0,-4.49,0.75,PK,1379.0,2.75,2.57,PK,2286.0,-7.08,3.72,PK,5901.0,-5.7,4.24,,,,,,,,,,,,,,,,,,,,,,,,,,,,,,,,,,,,,,,,,,,,,,,,,,,,,,,,,,,,,,,,,,,,,,,,,,,,,,,,,,,,,,,,,,,,,,,,
AKG N700nc m2,headphone,flat,,HeadphoneFlat,,,,-4.3,7,,,headphone_eq/AKG N700nc m2/iir-autoeq-flat.txt,PK,85.0,-3.79,1.06,PK,90.0,2.68,2.88,PK,206.0,2.34,2.57,PK,365.0,-2.05,0.5,PK,1460.0,-1.58,4.05,PK,2369.0,2.41,2.66,PK,3243.0,3.45,1.26,,,,,,,,,,,,,,,,,,,,,,,,,,,,,,,,,,,,,,,,,,,,,,,,,,,,,,,,,,,,,,,,,,,,,,,,,,,,,,,,,,,,,,,,,,,,,,,,
AKG N700nc m2,headphone,score,,HeadphoneScore,,,,-5.1,7,,,headphone_eq/AKG N700nc m2/iir-autoeq-score.txt,PK,89.0,-3.63,0.75,PK,92.0,2.12,2.55,PK,194.0,1.53,2.8,PK,500.0,-2.04,1.07,PK,1523.0,-1.97,3.99,PK,2587.0,4.03,2.62,PK,3243.0,1.59,1.15,,,,,,,,,,,,,,,,,,,,,,,,,,,,,,,,,,,,,,,,,,,,,,,,,,,,,,,,,,,,,,,,,,,,,,,,,,,,,,,,,,,,,,,,,,,,,,,,
ANan Audio Nan-6,headphone,flat,,HeadphoneFlat,,,,-2.9,7,,,headphone_eq/ANan Audio Nan-6/iir-autoeq-flat.txt,PK,61.0,1.96,2.91,PK,87.0,0.98,1.32,PK,175.0,-1.08,2.33,PK,297.0,-3.0,0.5,PK,1461.0,-1.59,0.54,PK,2031.0,4.93,2.03,PK,3426.0,-3.24,2.57,,,,,,,,,,,,,,,,,,,,,,,,,,,,,,,,,,,,,,,,,,,,,,,,,,,,,,,,,,,,,,,,,,,,,,,,,,,,,,,,,,,,,,,,,,,,,,,,
ANan Audio Nan-6,headphone,score,,HeadphoneScore,,,,-2.9,7,,,headphone_eq/ANan Audio Nan-6/iir-autoeq-score.txt,PK,61.0,1.71,2.27,PK,85.0,0.81,1.36,PK,180.0,-1.46,1.54,PK,362.0,-3.09,0.5,PK,672.0,-1.17,4.58,PK,2086.0,3.86,1.99,PK,3420.0,-3.28,2.05,,,,,,,,,,,,,,,,,,,,,,,,,,,,,,,,,,,,,,,,,,,,,,,,,,,,,,,,,,,,,,,,,,,,,,,,,,,,,,,,,,,,,,,,,,,,,,,,
Apple AirPods Max,headphone,flat,,HeadphoneFlat,,,,-5.7,7,,,headphone_eq/Apple AirPods Max/iir-autoeq-flat.txt,PK,63.0,-5.54,1.54,PK,69.0,2.43,2.24,PK,296.0,-5.69,0.5,PK,349.0,3.16,2.28,PK,871.0,-1.93,2.25,PK,1963.0,1.62,1.04,PK,4422.0,5.52,1.52,,,,,,,,,,,,,,,,,,,,,,,,,,,,,,,,,,,,,,,,,,,,,,,,,,,,,,,,,,,,,,,,,,,,,,,,,,,,,,,,,,,,,,,,,,,,,,,,
Apple AirPods Max,headphone,score,,HeadphoneScore,,,,-5.3,7,,,headphone_eq/Apple AirPods Max/iir-autoeq-score.txt,PK,65.0,-8.85,1.67,PK,68.0,5.79,2.09,PK,314.0,-5.89,0.5,PK,353.0,3.45,2.58,PK,1494.0,-4.53,2.14,PK,1556.0,5.95,2.93,PK,4425.0,5.49,0.84,,,,,,,,,,,,,,,,,,,,,,,,,,,,,,,,,,,,,,,,,,,,,,,,,,,,,,,,,,,,,,,,,,,,,,,,,,,,,,,,,,,,,,,,,,,,,,,,
Audeze LCD-1,headphone,score,,HeadphoneScore,,,,-5.9,7,,,headphone_eq/Audeze LCD-1/iir-autoeq-score.txt,PK,61.0,2.24,3.34,PK,100.0,-0.26,1.47,PK,168.0,-0.79,2.65,PK,376.0,-5.11,0.5,PK,1460.0,-0.88,1.66,PK,1860.0,5.0,2.9,PK,7890.0,5.9,1.49,,,,,,,,,,,,,,,,,,,,,,,,,,,,,,,,,,,,,,,,,,,,,,,,,,,,,,,,,,,,,,,,,,,,,,,,,,,,,,,,,,,,,,,,,,,,,,,,
Audeze LCD-24,headphone,flat,,HeadphoneFlat,,,,-5.4,7,,,headphone_eq/Audeze LCD-24/iir-autoeq-flat.txt,PK,75.0,4.56,0.52,PK,139.0,1.15,2.17,PK,154.0,-5.37,0.58,PK,890.0,-6.22,0.89,PK,1376.0,2.98,3.35,PK,1461.0,-0.61,1.12,PK,3384.0,6.0,0.51,,,,,,,,,,,,,,,,,,,,,,,,,,,,,,,,,,,,,,,,,,,,,,,,,,,,,,,,,,,,,,,,,,,,,,,,,,,,,,,,,,,,,,,,,,,,,,,,
Audeze LCD-24,headphone,score,,HeadphoneScore,,,,-5.7,7,,,headphone_eq/Audeze LCD-24/iir-autoeq-score.txt,PK,64.0,2.51,2.78,PK,95.0,1.07,2.26,PK,144.0,-0.81,2.66,PK,476.0,-4.28,0.5,PK,924.0,-3.25,2.49,PK,1770.0,0.47,1.62,PK,3776.0,5.9,0.57,,,,,,,,,,,,,,,,,,,,,,,,,,,,,,,,,,,,,,,,,,,,,,,,,,,,,,,,,,,,,,,,,,,,,,,,,,,,,,,,,,,,,,,,,,,,,,,,
Audeze LCD-X Review (2021 Edition Headphone),headphone,flat,,HeadphoneFlat,,,,-5.8,7,,,headphone_eq/Audeze LCD-X Review (2021 Edition Headphone)/iir-autoeq-flat.txt,PK,77.0,5.12,0.74,PK,110.0,-4.04,0.57,PK,133.0,0.72,2.12,PK,394.0,-2.94,0.5,PK,1460.0,-2.55,2.07,PK,1703.0,1.92,2.88,PK,3983.0,6.0,0.78,,,,,,,,,,,,,,,,,,,,,,,,,,,,,,,,,,,,,,,,,,,,,,,,,,,,,,,,,,,,,,,,,,,,,,,,,,,,,,,,,,,,,,,,,,,,,,,,
Audeze LCD-X Review (2021 Edition Headphone),headphone,score,,HeadphoneScore,,,,-5.8,7,,,headphone_eq/Audeze LCD-X Review (2021 Edition Headphone)/iir-autoeq-score.txt,PK,63.0,1.95,1.55,PK,90.0,0.67,2.09,PK,178.0,-0.57,3.13,PK,359.0,-3.75,0.5,PK,1460.0,-2.68,1.74,PK,1780.0,1.71,2.97,PK,4559.0,6.0,0.5,,,,,,,,,,,,,,,,,,,,,,,,,,,,,,,,,,,,,,,,,,,,,,,,,,,,,,,,,,,,,,,,,,,,,,,,,,,,,,,,,,,,,,,,,,,,,,,,
Audeze LCD-XC,headphone,flat,,HeadphoneFlat,,,,-5.9,7,,,headphone_eq/Audeze LCD-XC/iir-autoeq-flat.txt,PK,60.0,3.76,2.37,PK,87.0,2.92,1.34,PK,140.0,1.5,1.58,PK,397.0,3.66,1.4,PK,942.0,2.15,1.82,PK,1524.0,-1.81,1.32,PK,4179.0,6.0,1.52,,,,,,,,,,,,,,,,,,,,,,,,,,,,,,,,,,,,,,,,,,,,,,,,,,,,,,,,,,,,,,,,,,,,,,,,,,,,,,,,,,,,,,,,,,,,,,,,
Audeze LCD-XC,headphone,score,,HeadphoneScore,,,,-5.4,7,,,headphone_eq/Audeze LCD-XC/iir-autoeq-score.txt,PK,62.0,5.0,0.59,PK,75.0,-0.15,2.9,PK,137.0,0.55,2.76,PK,392.0,3.52,2.15,PK,930.0,2.28,1.03,PK,1570.0,-3.02,1.34,PK,4815.0,5.48,0.74,,,,,,,,,,,,,,,,,,,,,,,,,,,,,,,,,,,,,,,,,,,,,,,,,,,,,,,,,,,,,,,,,,,,,,,,,,,,,,,,,,,,,,,,,,,,,,,,
Audeze SINE,headphone,flat,,HeadphoneFlat,,,,-6.1,7,,,headphone_eq/Audeze SINE/iir-autoeq-flat.txt,PK,60.0,4.98,1.89,PK,91.0,4.66,2.12,PK,297.0,1.12,3.62,PK,298.0,-1.89,2.91,PK,1504.0,-5.41,2.51,PK,1589.0,4.16,1.47,PK,5121.0,6.0,1.63,,,,,,,,,,,,,,,,,,,,,,,,,,,,,,,,,,,,,,,,,,,,,,,,,,,,,,,,,,,,,,,,,,,,,,,,,,,,,,,,,,,,,,,,,,,,,,,,
Audeze SINE,headphone,score,,HeadphoneScore,,,,-6.0,7,,,headphone_eq/Audeze SINE/iir-autoeq-score.txt,PK,60.0,4.57,1.64,PK,91.0,4.34,1.78,PK,296.0,-2.73,2.67,PK,299.0,2.69,4.53,PK,1546.0,-3.86,1.84,PK,1655.0,3.58,1.63,PK,5089.0,5.56,1.7,,,,,,,,,,,,,,,,,,,,,,,,,,,,,,,,,,,,,,,,,,,,,,,,,,,,,,,,,,,,,,,,,,,,,,,,,,,,,,,,,,,,,,,,,,,,,,,,
Audio Technica ATH-ADX5000,headphone,flat,,HeadphoneFlat,,,,-4.2,7,,,headphone_eq/Audio Technica ATH-ADX5000/iir-autoeq-flat.txt,PK,62.0,1.56,2.14,PK,91.0,0.43,2.44,PK,295.0,-6.44,0.5,PK,422.0,6.0,1.34,PK,657.0,0.89,3.89,PK,2250.0,4.89,2.43,PK,4291.0,-5.12,2.47,,,,,,,,,,,,,,,,,,,,,,,,,,,,,,,,,,,,,,,,,,,,,,,,,,,,,,,,,,,,,,,,,,,,,,,,,,,,,,,,,,,,,,,,,,,,,,,,
Audio Technica ATH-ADX5000,headphone,score,,HeadphoneScore,,,,-4.0,7,,,headphone_eq/Audio Technica ATH-ADX5000/iir-autoeq-score.txt,PK,66.0,2.99,2.0,PK,68.0,-1.71,3.14,PK,295.0,-6.42,0.5,PK,448.0,6.0,1.21,PK,1460.0,-2.14,0.95,PK,2158.0,6.0,1.47,PK,4099.0,-4.68,2.34,,,,,,,,,,,,,,,,,,,,,,,,,,,,,,,,,,,,,,,,,,,,,,,,,,,,,,,,,,,,,,,,,,,,,,,,,,,,,,,,,,,,,,,,,,,,,,,,
Audio Technica ATH-M50X,headphone,score,,HeadphoneScore,,,,-5.0,7,,,headphone_eq/Audio Technica ATH-M50X/iir-autoeq-score.txt,PK,67.0,5.44,3.95,PK,168.0,-5.81,0.61,PK,313.0,2.78,2.63,PK,362.0,6.0,1.61,PK,662.0,0.02,1.53,PK,1460.0,-0.35,2.47,PK,9086.0,5.02,0.5,,,,,,,,,,,,,,,,,,,,,,,,,,,,,,,,,,,,,,,,,,,,,,,,,,,,,,,,,,,,,,,,,,,,,,,,,,,,,,,,,,,,,,,,,,,,,,,,
Audio Technica ATH-R70x,headphone,flat,,HeadphoneFlat,,,,-5.1,7,,,headphone_eq/Audio Technica ATH-R70x/iir-autoeq-flat.txt,PK,66.0,3.43,0.52,PK,155.0,2.39,3.07,PK,156.0,-4.87,1.3,PK,327.0,-0.66,1.63,PK,959.0,0.79,1.17,PK,1460.0,-1.36,1.59,PK,7678.0,5.1,0.5,,,,,,,,,,,,,,,,,,,,,,,,,,,,,,,,,,,,,,,,,,,,,,,,,,,,,,,,,,,,,,,,,,,,,,,,,,,,,,,,,,,,,,,,,,,,,,,,
Audio Technica ATH-R70x,headphone,score,,HeadphoneScore,,,,-6.0,7,,,headphone_eq/Audio Technica ATH-R70x/iir-autoeq-score.txt,PK,82.0,4.18,0.77,PK,135.0,-4.7,1.11,PK,137.0,1.79,2.66,PK,296.0,-0.83,1.18,PK,1460.0,-3.57,2.32,PK,1499.0,2.64,1.21,PK,8495.0,5.96,0.73,,,,,,,,,,,,,,,,,,,,,,,,,,,,,,,,,,,,,,,,,,,,,,,,,,,,,,,,,,,,,,,,,,,,,,,,,,,,,,,,,,,,,,,,,,,,,,,,
Aune Audio AR5000,headphone,flat,,HeadphoneFlat,,,,-2.8,7,,,headphone_eq/Aune Audio AR5000/iir-autoeq-flat.txt,PK,60.0,2.17,2.49,PK,86.0,1.0,2.73,PK,172.0,-1.32,1.84,PK,295.0,-4.3,0.5,PK,1007.0,-1.49,2.52,PK,1946.0,3.16,2.44,PK,3612.0,1.32,2.77,,,,,,,,,,,,,,,,,,,,,,,,,,,,,,,,,,,,,,,,,,,,,,,,,,,,,,,,,,,,,,,,,,,,,,,,,,,,,,,,,,,,,,,,,,,,,,,,
Aune Audio AR5000,headphone,score,,HeadphoneScore,,,,-2.7,7,,,headphone_eq/Aune Audio AR5000/iir-autoeq-score.txt,PK,64.0,1.82,1.46,PK,134.0,-0.8,2.22,PK,201.0,-2.68,1.18,PK,333.0,-2.84,0.63,PK,1518.0,-2.21,0.5,PK,1898.0,4.27,2.13,PK,6208.0,2.58,0.5,,,,,,,,,,,,,,,,,,,,,,,,,,,,,,,,,,,,,,,,,,,,,,,,,,,,,,,,,,,,,,,,,,,,,,,,,,,,,,,,,,,,,,,,,,,,,,,,
Aurorus Audio Borealis,headphone,score,,HeadphoneScore,,,,-6.1,7,,,headphone_eq/Aurorus Audio Borealis/iir-autoeq-score.txt,PK,60.0,3.4,2.68,PK,83.0,3.4,1.08,PK,156.0,1.1,0.57,PK,442.0,1.89,1.55,PK,1130.0,-2.43,1.69,PK,2718.0,3.1,1.45,PK,9270.0,5.99,0.5,,,,,,,,,,,,,,,,,,,,,,,,,,,,,,,,,,,,,,,,,,,,,,,,,,,,,,,,,,,,,,,,,,,,,,,,,,,,,,,,,,,,,,,,,,,,,,,,
Austrian Audio Hi-X60,headphone,score,,HeadphoneScore,,,,-2.2,7,,,headphone_eq/Austrian Audio Hi-X60/iir-autoeq-score.txt,PK,66.0,4.31,2.57,PK,113.0,-5.81,1.17,PK,302.0,-0.39,1.61,PK,332.0,2.02,3.77,PK,657.0,0.81,2.19,PK,1460.0,-0.36,4.31,PK,3599.0,-0.46,1.56,,,,,,,,,,,,,,,,,,,,,,,,,,,,,,,,,,,,,,,,,,,,,,,,,,,,,,,,,,,,,,,,,,,,,,,,,,,,,,,,,,,,,,,,,,,,,,,,
Beyerdynamic Amiron,headphone,flat,,HeadphoneFlat,,,,-0.8,7,,,headphone_eq/Beyerdynamic Amiron/iir-autoeq-flat.txt,PK,70.0,2.02,2.83,PK,135.0,-5.92,0.5,PK,190.0,-0.67,2.96,PK,316.0,-3.93,0.7,PK,1493.0,2.07,1.98,PK,4100.0,-4.57,0.89,PK,4106.0,4.29,3.28,,,,,,,,,,,,,,,,,,,,,,,,,,,,,,,,,,,,,,,,,,,,,,,,,,,,,,,,,,,,,,,,,,,,,,,,,,,,,,,,,,,,,,,,,,,,,,,,
Beyerdynamic Amiron,headphone,score,,HeadphoneScore,,,,-0.2,7,,,headphone_eq/Beyerdynamic Amiron/iir-autoeq-score.txt,PK,68.0,1.06,4.19,PK,129.0,-4.99,0.71,PK,296.0,-9.09,0.88,PK,305.0,3.91,1.72,PK,1134.0,1.3,3.33,PK,2941.0,-3.68,3.27,PK,5294.0,-1.67,1.29,,,,,,,,,,,,,,,,,,,,,,,,,,,,,,,,,,,,,,,,,,,,,,,,,,,,,,,,,,,,,,,,,,,,,,,,,,,,,,,,,,,,,,,,,,,,,,,,
Beyerdynamic DT 880 600 Ohm,headphone,flat,,HeadphoneFlat,,,,-3.3,7,,,headphone_eq/Beyerdynamic DT 880 600 Ohm/iir-autoeq-flat.txt,PK,65.0,3.74,1.61,PK,133.0,-0.5,3.38,PK,194.0,-2.78,1.15,PK,296.0,-1.74,0.77,PK,1959.0,1.39,2.38,PK,4269.0,4.17,3.09,PK,5485.0,-5.2,0.99,,,,,,,,,,,,,,,,,,,,,,,,,,,,,,,,,,,,,,,,,,,,,,,,,,,,,,,,,,,,,,,,,,,,,,,,,,,,,,,,,,,,,,,,,,,,,,,,
Beyerdynamic DT 880 600 Ohm,headphone,score,,HeadphoneScore,,,,-3.0,7,,,headphone_eq/Beyerdynamic DT 880 600 Ohm/iir-autoeq-score.txt,PK,68.0,4.27,0.91,PK,146.0,2.36,2.02,PK,155.0,-5.97,0.94,PK,305.0,-1.6,1.55,PK,1758.0,2.34,2.38,PK,3630.0,2.58,2.45,PK,5312.0,-3.25,0.5,,,,,,,,,,,,,,,,,,,,,,,,,,,,,,,,,,,,,,,,,,,,,,,,,,,,,,,,,,,,,,,,,,,,,,,,,,,,,,,,,,,,,,,,,,,,,,,,
Beyerdynamic DT150,headphone,flat,,HeadphoneFlat,,,,-5.8,7,,,headphone_eq/Beyerdynamic DT150/iir-autoeq-flat.txt,PK,80.0,6.0,4.24,PK,165.0,-10.79,0.55,PK,321.0,3.02,2.27,PK,438.0,4.46,1.18,PK,1614.0,4.66,4.07,PK,1618.0,-3.15,2.42,PK,3604.0,6.0,4.12,,,,,,,,,,,,,,,,,,,,,,,,,,,,,,,,,,,,,,,,,,,,,,,,,,,,,,,,,,,,,,,,,,,,,,,,,,,,,,,,,,,,,,,,,,,,,,,,
Beyerdynamic DT150,headphone,score,,HeadphoneScore,,,,-6.0,7,,,headphone_eq/Beyerdynamic DT150/iir-autoeq-score.txt,PK,80.0,6.0,4.27,PK,142.0,1.11,2.42,PK,159.0,-11.82,0.64,PK,378.0,5.42,1.18,PK,1461.0,-0.43,1.61,PK,1593.0,0.65,1.41,PK,3694.0,6.0,3.93,,,,,,,,,,,,,,,,,,,,,,,,,,,,,,,,,,,,,,,,,,,,,,,,,,,,,,,,,,,,,,,,,,,,,,,,,,,,,,,,,,,,,,,,,,,,,,,,
Beyerdynamic DT1990 Pro,headphone,flat,,HeadphoneFlat,,,,-3.7,7,,,headphone_eq/Beyerdynamic DT1990 Pro/iir-autoeq-flat.txt,PK,62.0,3.85,0.97,PK,151.0,-0.54,1.91,PK,204.0,-1.62,1.31,PK,295.0,-0.36,1.92,PK,1460.0,-3.59,1.73,PK,1652.0,3.28,1.0,PK,4216.0,0.85,3.46,,,,,,,,,,,,,,,,,,,,,,,,,,,,,,,,,,,,,,,,,,,,,,,,,,,,,,,,,,,,,,,,,,,,,,,,,,,,,,,,,,,,,,,,,,,,,,,,
Beyerdynamic DT1990 Pro,headphone,score,,HeadphoneScore,,,,-3.7,7,,,headphone_eq/Beyerdynamic DT1990 Pro/iir-autoeq-score.txt,PK,61.0,3.96,0.74,PK,172.0,3.25,1.89,PK,175.0,-5.28,1.38,PK,296.0,-0.2,1.43,PK,657.0,0.87,1.88,PK,1809.0,0.85,2.39,PK,4660.0,3.14,4.85,,,,,,,,,,,,,,,,,,,,,,,,,,,,,,,,,,,,,,,,,,,,,,,,,,,,,,,,,,,,,,,,,,,,,,,,,,,,,,,,,,,,,,,,,,,,,,,,
Beyerdynamic DT990 Pro (250 _),headphone,flat,,HeadphoneFlat,,,,-3.6,7,,,headphone_eq/Beyerdynamic DT990 Pro (250 _)/iir-autoeq-flat.txt,PK,61.0,4.13,1.15,PK,137.0,-1.14,3.18,PK,202.0,-4.66,0.89,PK,370.0,1.54,1.23,PK,657.0,1.68,1.89,PK,4464.0,3.73,2.24,PK,5819.0,-5.96,1.09,,,,,,,,,,,,,,,,,,,,,,,,,,,,,,,,,,,,,,,,,,,,,,,,,,,,,,,,,,,,,,,,,,,,,,,,,,,,,,,,,,,,,,,,,,,,,,,,
Beyerdynamic DT990 Pro (250 _),headphone,score,,HeadphoneScore,,,,-3.5,7,,,headphone_eq/Beyerdynamic DT990 Pro (250 _)/iir-autoeq-score.txt,PK,60.0,4.07,0.98,PK,133.0,-0.65,2.64,PK,178.0,-4.43,1.03,PK,296.0,-0.01,2.08,PK,657.0,1.98,1.74,PK,3286.0,-0.08,4.09,PK,5790.0,-5.12,1.73,,,,,,,,,,,,,,,,,,,,,,,,,,,,,,,,,,,,,,,,,,,,,,,,,,,,,,,,,,,,,,,,,,,,,,,,,,,,,,,,,,,,,,,,,,,,,,,,
Beyerdynamic T1 V2,headphone,flat,,HeadphoneFlat,,,,-3.2,7,,,headphone_eq/Beyerdynamic T1 V2/iir-autoeq-flat.txt,PK,64.0,1.54,3.18,PK,153.0,-2.4,1.01,PK,228.0,-1.16,2.85,PK,331.0,-3.37,0.5,PK,905.0,-1.23,2.97,PK,2457.0,2.96,1.47,PK,3243.0,1.09,1.96,,,,,,,,,,,,,,,,,,,,,,,,,,,,,,,,,,,,,,,,,,,,,,,,,,,,,,,,,,,,,,,,,,,,,,,,,,,,,,,,,,,,,,,,,,,,,,,,
Beyerdynamic T1 V2,headphone,score,,HeadphoneScore,,,,-3.9,7,,,headphone_eq/Beyerdynamic T1 V2/iir-autoeq-score.txt,PK,65.0,1.32,2.42,PK,159.0,0.86,2.92,PK,164.0,-3.44,1.07,PK,345.0,-3.43,0.5,PK,1393.0,0.87,4.64,PK,2508.0,3.62,2.72,PK,3243.0,1.12,1.99,,,,,,,,,,,,,,,,,,,,,,,,,,,,,,,,,,,,,,,,,,,,,,,,,,,,,,,,,,,,,,,,,,,,,,,,,,,,,,,,,,,,,,,,,,,,,,,,
Bose NC700,headphone,flat,,HeadphoneFlat,,,,-6.0,7,,,headphone_eq/Bose NC700/iir-autoeq-flat.txt,PK,100.0,0.69,2.59,PK,163.0,-3.84,0.5,PK,214.0,-0.17,2.28,PK,362.0,1.16,2.49,PK,1457.0,3.42,2.97,PK,1629.0,-3.46,2.45,PK,6819.0,6.0,1.27,,,,,,,,,,,,,,,,,,,,,,,,,,,,,,,,,,,,,,,,,,,,,,,,,,,,,,,,,,,,,,,,,,,,,,,,,,,,,,,,,,,,,,,,,,,,,,,,
Bose NC700,headphone,score,,HeadphoneScore,,,,-5.9,7,,,headphone_eq/Bose NC700/iir-autoeq-score.txt,PK,60.0,-0.67,2.47,PK,170.0,-3.74,0.66,PK,236.0,-0.45,3.43,PK,306.0,0.53,2.7,PK,1276.0,2.35,2.94,PK,1538.0,-1.71,1.24,PK,6759.0,6.0,1.1,,,,,,,,,,,,,,,,,,,,,,,,,,,,,,,,,,,,,,,,,,,,,,,,,,,,,,,,,,,,,,,,,,,,,,,,,,,,,,,,,,,,,,,,,,,,,,,,
Bose QuietComfort 45,headphone,flat,,HeadphoneFlat,,,,-0.3,7,,,headphone_eq/Bose QuietComfort 45/iir-autoeq-flat.txt,PK,64.0,-7.93,0.58,PK,67.0,4.31,1.16,PK,296.0,-4.55,0.56,PK,350.0,3.21,2.12,PK,861.0,-1.31,4.36,PK,2773.0,-6.36,1.84,PK,3243.0,4.92,4.78,,,,,,,,,,,,,,,,,,,,,,,,,,,,,,,,,,,,,,,,,,,,,,,,,,,,,,,,,,,,,,,,,,,,,,,,,,,,,,,,,,,,,,,,,,,,,,,,
Bose QuietComfort 45,headphone,score,,HeadphoneScore,,,,-1.8,7,,,headphone_eq/Bose QuietComfort 45/iir-autoeq-score.txt,PK,61.0,-7.43,0.61,PK,66.0,3.96,1.27,PK,296.0,-4.95,0.5,PK,358.0,3.15,1.78,PK,1653.0,5.99,2.66,PK,2378.0,-7.75,1.37,PK,3243.0,5.75,5.25,,,,,,,,,,,,,,,,,,,,,,,,,,,,,,,,,,,,,,,,,,,,,,,,,,,,,,,,,,,,,,,,,,,,,,,,,,,,,,,,,,,,,,,,,,,,,,,,
Bowers & Wilkins P5 V1,headphone,flat,,HeadphoneFlat,,,,-6.0,7,,,headphone_eq/Bowers & Wilkins P5 V1/iir-autoeq-flat.txt,PK,60.0,1.71,3.11,PK,84.0,6.0,0.89,PK,133.0,0.64,2.71,PK,371.0,-8.13,1.05,PK,728.0,1.55,3.73,PK,3088.0,-3.03,2.52,PK,9056.0,5.68,1.34,,,,,,,,,,,,,,,,,,,,,,,,,,,,,,,,,,,,,,,,,,,,,,,,,,,,,,,,,,,,,,,,,,,,,,,,,,,,,,,,,,,,,,,,,,,,,,,,
Bowers & Wilkins P5 V1,headphone,score,,HeadphoneScore,,,,-6.0,7,,,headphone_eq/Bowers & Wilkins P5 V1/iir-autoeq-score.txt,PK,61.0,5.31,1.34,PK,100.0,4.37,2.12,PK,133.0,0.4,3.14,PK,376.0,-8.23,1.32,PK,1959.0,4.77,3.26,PK,2492.0,-4.44,1.33,PK,9479.0,6.0,3.02,,,,,,,,,,,,,,,,,,,,,,,,,,,,,,,,,,,,,,,,,,,,,,,,,,,,,,,,,,,,,,,,,,,,,,,,,,,,,,,,,,,,,,,,,,,,,,,,
Bowers & Wilkins P7,headphone,flat,,HeadphoneFlat,,,,-6.0,7,,,headphone_eq/Bowers & Wilkins P7/iir-autoeq-flat.txt,PK,63.0,3.3,3.28,PK,133.0,1.25,3.01,PK,154.0,-6.13,0.71,PK,376.0,4.18,1.27,PK,657.0,0.99,1.14,PK,1690.0,-2.55,2.36,PK,6128.0,6.0,0.5,,,,,,,,,,,,,,,,,,,,,,,,,,,,,,,,,,,,,,,,,,,,,,,,,,,,,,,,,,,,,,,,,,,,,,,,,,,,,,,,,,,,,,,,,,,,,,,,
Bowers & Wilkins P7,headphone,score,,HeadphoneScore,,,,-6.0,7,,,headphone_eq/Bowers & Wilkins P7/iir-autoeq-score.txt,PK,64.0,4.55,5.1,PK,158.0,-4.54,0.5,PK,192.0,-1.33,2.04,PK,376.0,4.7,1.23,PK,657.0,1.17,2.2,PK,1852.0,-2.83,3.02,PK,5732.0,6.0,0.5,,,,,,,,,,,,,,,,,,,,,,,,,,,,,,,,,,,,,,,,,,,,,,,,,,,,,,,,,,,,,,,,,,,,,,,,,,,,,,,,,,,,,,,,,,,,,,,,
Dan Clark Audio (MrSpeakers) AEON 2 Noire,headphone,flat,,HeadphoneFlat,,,,-4.7,7,,,headphone_eq/Dan Clark Audio (MrSpeakers) AEON 2 Noire/iir-autoeq-flat.txt,PK,66.0,0.54,2.03,PK,106.0,-3.77,1.37,PK,296.0,-4.72,2.59,PK,301.0,2.39,2.34,PK,1222.0,-1.45,2.57,PK,2019.0,1.93,2.37,PK,3397.0,4.48,3.11,,,,,,,,,,,,,,,,,,,,,,,,,,,,,,,,,,,,,,,,,,,,,,,,,,,,,,,,,,,,,,,,,,,,,,,,,,,,,,,,,,,,,,,,,,,,,,,,
Dan Clark Audio (MrSpeakers) AEON 2 Noire,headphone,score,,HeadphoneScore,,,,-4.6,7,,,headphone_eq/Dan Clark Audio (MrSpeakers) AEON 2 Noire/iir-autoeq-score.txt,PK,61.0,1.18,2.14,PK,110.0,-3.8,0.96,PK,174.0,1.42,2.53,PK,296.0,-1.52,1.47,PK,1460.0,-2.82,2.47,PK,1756.0,2.87,2.0,PK,3431.0,4.42,3.06,,,,,,,,,,,,,,,,,,,,,,,,,,,,,,,,,,,,,,,,,,,,,,,,,,,,,,,,,,,,,,,,,,,,,,,,,,,,,,,,,,,,,,,,,,,,,,,,
Dan Clark Audio (MrSpeakers) Ether Flow 1.1,headphone,flat,,HeadphoneFlat,,,,-2.8,7,,,headphone_eq/Dan Clark Audio (MrSpeakers) Ether Flow 1.1/iir-autoeq-flat.txt,PK,61.0,3.05,3.43,PK,127.0,-2.68,0.9,PK,295.0,-8.79,0.69,PK,332.0,3.21,2.35,PK,1112.0,-1.08,2.96,PK,1756.0,3.65,3.02,PK,3650.0,-2.8,2.25,,,,,,,,,,,,,,,,,,,,,,,,,,,,,,,,,,,,,,,,,,,,,,,,,,,,,,,,,,,,,,,,,,,,,,,,,,,,,,,,,,,,,,,,,,,,,,,,
Dan Clark Audio (MrSpeakers) Ether Flow 1.1,headphone,score,,HeadphoneScore,,,,-2.8,7,,,headphone_eq/Dan Clark Audio (MrSpeakers) Ether Flow 1.1/iir-autoeq-score.txt,PK,63.0,3.18,2.74,PK,131.0,-2.65,0.61,PK,296.0,-7.25,0.58,PK,345.0,2.06,2.7,PK,750.0,0.51,5.21,PK,1748.0,3.94,3.33,PK,5269.0,-2.6,0.78,,,,,,,,,,,,,,,,,,,,,,,,,,,,,,,,,,,,,,,,,,,,,,,,,,,,,,,,,,,,,,,,,,,,,,,,,,,,,,,,,,,,,,,,,,,,,,,,
Dan Clark Audio E3,headphone,flat,,HeadphoneFlat,,,,-0.8,7,,,headphone_eq/Dan Clark Audio E3/iir-autoeq-flat.txt,PK,62.0,0.36,2.69,PK,99.0,-2.23,1.27,PK,359.0,3.02,2.65,PK,387.0,-3.35,1.54,PK,1417.0,1.88,2.43,PK,1460.0,-1.45,1.4,PK,3244.0,0.96,3.94,,,,,,,,,,,,,,,,,,,,,,,,,,,,,,,,,,,,,,,,,,,,,,,,,,,,,,,,,,,,,,,,,,,,,,,,,,,,,,,,,,,,,,,,,,,,,,,,
Dan Clark Audio E3,headphone,score,,HeadphoneScore,,,,-1.3,7,,,headphone_eq/Dan Clark Audio E3/iir-autoeq-score.txt,PK,62.0,0.39,2.82,PK,98.0,-2.17,1.26,PK,279.0,2.74,1.75,PK,305.0,-3.08,1.2,PK,1550.0,-0.38,1.16,PK,1825.0,0.68,2.88,PK,3332.0,1.39,4.06,,,,,,,,,,,,,,,,,,,,,,,,,,,,,,,,,,,,,,,,,,,,,,,,,,,,,,,,,,,,,,,,,,,,,,,,,,,,,,,,,,,,,,,,,,,,,,,,
Dan Clark Audio Expanse,headphone,flat,,HeadphoneFlat,,,,-6.0,7,,,headphone_eq/Dan Clark Audio Expanse/iir-autoeq-flat.txt,PK,73.0,0.6,2.97,PK,144.0,-3.88,0.84,PK,309.0,3.83,1.83,PK,320.0,-3.62,2.6,PK,913.0,-1.26,2.94,PK,1794.0,0.85,3.51,PK,9099.0,6.0,2.57,,,,,,,,,,,,,,,,,,,,,,,,,,,,,,,,,,,,,,,,,,,,,,,,,,,,,,,,,,,,,,,,,,,,,,,,,,,,,,,,,,,,,,,,,,,,,,,,
Dan Clark Audio Expanse,headphone,score,,HeadphoneScore,,,,-5.8,7,,,headphone_eq/Dan Clark Audio Expanse/iir-autoeq-score.txt,PK,78.0,1.12,2.63,PK,125.0,-3.35,0.87,PK,300.0,3.07,2.97,PK,312.0,-1.62,0.79,PK,1443.0,1.87,3.01,PK,1460.0,-1.38,1.67,PK,9219.0,5.81,2.15,,,,,,,,,,,,,,,,,,,,,,,,,,,,,,,,,,,,,,,,,,,,,,,,,,,,,,,,,,,,,,,,,,,,,,,,,,,,,,,,,,,,,,,,,,,,,,,,
Dan Clark Audio NOIRE X,headphone,flat,,HeadphoneFlat,,,,-2.4,7,,,headphone_eq/Dan Clark Audio NOIRE X/iir-autoeq-flat.txt,PK,72.0,2.16,1.49,PK,95.0,-2.33,1.23,PK,291.0,2.25,1.28,PK,298.0,-2.64,1.95,PK,657.0,2.31,1.92,PK,2075.0,-1.47,2.57,PK,3243.0,2.47,2.54,,,,,,,,,,,,,,,,,,,,,,,,,,,,,,,,,,,,,,,,,,,,,,,,,,,,,,,,,,,,,,,,,,,,,,,,,,,,,,,,,,,,,,,,,,,,,,,,
Dan Clark Audio NOIRE X,headphone,score,,HeadphoneScore,,,,-3.0,7,,,headphone_eq/Dan Clark Audio NOIRE X/iir-autoeq-score.txt,PK,76.0,2.9,1.28,PK,92.0,-3.22,1.24,PK,285.0,2.23,1.45,PK,295.0,-2.71,2.08,PK,657.0,2.25,1.78,PK,1945.0,-1.86,4.59,PK,3271.0,3.09,3.63,,,,,,,,,,,,,,,,,,,,,,,,,,,,,,,,,,,,,,,,,,,,,,,,,,,,,,,,,,,,,,,,,,,,,,,,,,,,,,,,,,,,,,,,,,,,,,,,
Dan Clark Audio NOIRE XO,headphone,score,,HeadphoneScore,,,,-5.4,7,,,headphone_eq/Dan Clark Audio NOIRE XO/iir-autoeq-score.txt,PK,66.0,2.17,1.8,PK,132.0,-2.57,1.49,PK,146.0,2.73,1.33,PK,325.0,-0.85,2.56,PK,657.0,3.11,1.98,PK,2191.0,-2.79,3.09,PK,9118.0,5.41,0.62,,,,,,,,,,,,,,,,,,,,,,,,,,,,,,,,,,,,,,,,,,,,,,,,,,,,,,,,,,,,,,,,,,,,,,,,,,,,,,,,,,,,,,,,,,,,,,,,
Drop & Focal Elex,headphone,score,,HeadphoneScore,,,,-6.0,7,,,headphone_eq/Drop & Focal Elex/iir-autoeq-score.txt,PK,60.0,5.28,1.46,PK,98.0,2.44,2.32,PK,145.0,0.2,2.0,PK,396.0,1.79,2.48,PK,657.0,1.88,1.76,PK,1460.0,-1.72,4.1,PK,8156.0,6.0,0.5,,,,,,,,,,,,,,,,,,,,,,,,,,,,,,,,,,,,,,,,,,,,,,,,,,,,,,,,,,,,,,,,,,,,,,,,,,,,,,,,,,,,,,,,,,,,,,,,
Drop & Meze 99 Noir,headphone,flat,,HeadphoneFlat,,,,-5.9,7,,,headphone_eq/Drop & Meze 99 Noir/iir-autoeq-flat.txt,PK,65.0,-6.33,1.24,PK,175.0,-8.31,0.53,PK,207.0,-5.56,1.61,PK,399.0,6.0,2.33,PK,1044.0,1.27,2.28,PK,1593.0,-0.57,2.14,PK,3377.0,6.0,2.35,,,,,,,,,,,,,,,,,,,,,,,,,,,,,,,,,,,,,,,,,,,,,,,,,,,,,,,,,,,,,,,,,,,,,,,,,,,,,,,,,,,,,,,,,,,,,,,,
Drop & Meze 99 Noir,headphone,score,,HeadphoneScore,,,,-6.0,7,,,headphone_eq/Drop & Meze 99 Noir/iir-autoeq-score.txt,PK,66.0,-5.0,3.21,PK,168.0,-11.84,0.5,PK,220.0,-3.47,2.67,PK,386.0,4.97,2.69,PK,659.0,2.37,0.5,PK,1462.0,-1.52,2.24,PK,3525.0,5.87,2.68,,,,,,,,,,,,,,,,,,,,,,,,,,,,,,,,,,,,,,,,,,,,,,,,,,,,,,,,,,,,,,,,,,,,,,,,,,,,,,,,,,,,,,,,,,,,,,,,
Drop & MrSpeakers Ether CX,headphone,flat,,HeadphoneFlat,,,,-6.0,7,,,headphone_eq/Drop & MrSpeakers Ether CX/iir-autoeq-flat.txt,PK,65.0,6.0,0.84,PK,140.0,-0.68,2.69,PK,232.0,-0.99,2.64,PK,427.0,0.69,2.76,PK,657.0,0.28,3.6,PK,1460.0,-0.56,4.1,PK,10945.0,6.0,0.5,,,,,,,,,,,,,,,,,,,,,,,,,,,,,,,,,,,,,,,,,,,,,,,,,,,,,,,,,,,,,,,,,,,,,,,,,,,,,,,,,,,,,,,,,,,,,,,,
Drop & MrSpeakers Ether CX,headphone,score,,HeadphoneScore,,,,-6.0,7,,,headphone_eq/Drop & MrSpeakers Ether CX/iir-autoeq-score.txt,PK,60.0,5.79,1.0,PK,84.0,1.3,3.45,PK,136.0,-0.05,2.56,PK,318.0,-0.09,1.33,PK,1461.0,-3.04,1.51,PK,1645.0,1.55,1.69,PK,5236.0,4.65,0.5,,,,,,,,,,,,,,,,,,,,,,,,,,,,,,,,,,,,,,,,,,,,,,,,,,,,,,,,,,,,,,,,,,,,,,,,,,,,,,,,,,,,,,,,,,,,,,,,
Drop & THX Panda,headphone,flat,,HeadphoneFlat,,,,-3.2,7,,,headphone_eq/Drop & THX Panda/iir-autoeq-flat.txt,PK,60.0,3.7,2.77,PK,95.0,-4.37,1.32,PK,346.0,2.06,2.77,PK,371.0,-6.43,0.63,PK,1498.0,-1.13,0.98,PK,1848.0,4.13,2.61,PK,3260.0,2.62,1.44,,,,,,,,,,,,,,,,,,,,,,,,,,,,,,,,,,,,,,,,,,,,,,,,,,,,,,,,,,,,,,,,,,,,,,,,,,,,,,,,,,,,,,,,,,,,,,,,
Drop & THX Panda,headphone,score,,HeadphoneScore,,,,-2.7,7,,,headphone_eq/Drop & THX Panda/iir-autoeq-score.txt,PK,61.0,3.76,2.7,PK,92.0,-4.37,1.26,PK,326.0,0.52,2.82,PK,395.0,-5.54,0.5,PK,1483.0,-0.28,0.9,PK,1858.0,2.7,2.31,PK,3311.0,2.77,0.97,,,,,,,,,,,,,,,,,,,,,,,,,,,,,,,,,,,,,,,,,,,,,,,,,,,,,,,,,,,,,,,,,,,,,,,,,,,,,,,,,,,,,,,,,,,,,,,,
Drop &amp; AKG K7XX,headphone,flat,,HeadphoneFlat,,,,-4.2,7,,,headphone_eq/Drop &amp; AKG K7XX/iir-autoeq-flat.txt,PK,74.0,4.45,1.33,PK,76.0,-5.06,1.05,PK,295.0,-7.52,0.61,PK,363.0,2.96,1.73,PK,983.0,2.76,2.79,PK,2101.0,-1.59,2.09,PK,3243.0,4.67,1.89,,,,,,,,,,,,,,,,,,,,,,,,,,,,,,,,,,,,,,,,,,,,,,,,,,,,,,,,,,,,,,,,,,,,,,,,,,,,,,,,,,,,,,,,,,,,,,,,
Drop &amp; AKG K7XX,headphone,score,,HeadphoneScore,,,,-5.6,7,,,headphone_eq/Drop &amp; AKG K7XX/iir-autoeq-score.txt,PK,89.0,0.33,2.42,PK,147.0,0.75,3.26,PK,158.0,-3.45,0.61,PK,295.0,-3.68,0.7,PK,1211.0,1.72,2.57,PK,2052.0,-2.92,3.17,PK,3243.0,5.94,2.26,,,,,,,,,,,,,,,,,,,,,,,,,,,,,,,,,,,,,,,,,,,,,,,,,,,,,,,,,,,,,,,,,,,,,,,,,,,,,,,,,,,,,,,,,,,,,,,,
DROP &amp; SENNHEISER PC38X,headphone,score,,HeadphoneScore,,,,-6.0,7,,,headphone_eq/DROP &amp; SENNHEISER PC38X/iir-autoeq-score.txt,PK,65.0,3.9,0.97,PK,136.0,3.12,1.75,PK,138.0,-3.23,1.56,PK,392.0,1.41,2.83,PK,669.0,2.16,1.52,PK,1460.0,-1.33,2.81,PK,9649.0,6.0,0.5,,,,,,,,,,,,,,,,,,,,,,,,,,,,,,,,,,,,,,,,,,,,,,,,,,,,,,,,,,,,,,,,,,,,,,,,,,,,,,,,,,,,,,,,,,,,,,,,
Drop THX Panda,headphone,flat,,HeadphoneFlat,,,,-3.2,7,,,headphone_eq/Drop THX Panda/iir-autoeq-flat.txt,PK,60.0,3.7,2.77,PK,95.0,-4.37,1.32,PK,346.0,2.06,2.77,PK,371.0,-6.43,0.63,PK,1498.0,-1.13,0.98,PK,1848.0,4.13,2.61,PK,3260.0,2.62,1.44,,,,,,,,,,,,,,,,,,,,,,,,,,,,,,,,,,,,,,,,,,,,,,,,,,,,,,,,,,,,,,,,,,,,,,,,,,,,,,,,,,,,,,,,,,,,,,,,
Drop THX Panda,headphone,score,,HeadphoneScore,,,,-2.7,7,,,headphone_eq/Drop THX Panda/iir-autoeq-score.txt,PK,61.0,3.76,2.7,PK,92.0,-4.37,1.26,PK,326.0,0.52,2.82,PK,395.0,-5.54,0.5,PK,1483.0,-0.28,0.9,PK,1858.0,2.7,2.31,PK,3311.0,2.77,0.97,,,,,,,,,,,,,,,,,,,,,,,,,,,,,,,,,,,,,,,,,,,,,,,,,,,,,,,,,,,,,,,,,,,,,,,,,,,,,,,,,,,,,,,,,,,,,,,,
E-MU Teak,headphone,flat,,HeadphoneFlat,,,,-5.3,7,,,headphone_eq/E-MU Teak/iir-autoeq-flat.txt,PK,71.0,5.49,1.44,PK,72.0,-3.88,2.33,PK,303.0,-0.37,1.4,PK,408.0,3.14,1.42,PK,785.0,-1.87,1.61,PK,1460.0,-0.94,2.59,PK,3272.0,5.35,1.28,,,,,,,,,,,,,,,,,,,,,,,,,,,,,,,,,,,,,,,,,,,,,,,,,,,,,,,,,,,,,,,,,,,,,,,,,,,,,,,,,,,,,,,,,,,,,,,,
E-MU Teak,headphone,score,,HeadphoneScore,,,,-6.0,7,,,headphone_eq/E-MU Teak/iir-autoeq-score.txt,PK,72.0,4.66,1.36,PK,73.0,-2.99,2.13,PK,249.0,-0.56,2.14,PK,416.0,2.9,1.21,PK,766.0,-2.22,1.63,PK,1460.0,-0.43,3.81,PK,7507.0,6.0,0.5,,,,,,,,,,,,,,,,,,,,,,,,,,,,,,,,,,,,,,,,,,,,,,,,,,,,,,,,,,,,,,,,,,,,,,,,,,,,,,,,,,,,,,,,,,,,,,,,
Edifier W830NB,headphone,flat,,HeadphoneFlat,,,,-4.9,7,,,headphone_eq/Edifier W830NB/iir-autoeq-flat.txt,PK,63.0,-4.77,2.22,PK,77.0,3.36,0.98,PK,296.0,-3.13,2.17,PK,326.0,3.61,1.19,PK,657.0,2.55,2.7,PK,1460.0,-0.45,1.68,PK,3780.0,4.94,5.21,,,,,,,,,,,,,,,,,,,,,,,,,,,,,,,,,,,,,,,,,,,,,,,,,,,,,,,,,,,,,,,,,,,,,,,,,,,,,,,,,,,,,,,,,,,,,,,,
Edifier W830NB,headphone,score,,HeadphoneScore,,,,-5.7,7,,,headphone_eq/Edifier W830NB/iir-autoeq-score.txt,PK,62.0,-3.13,2.53,PK,86.0,2.24,1.55,PK,163.0,0.93,0.91,PK,469.0,1.86,2.16,PK,657.0,2.11,1.9,PK,1460.0,-0.68,2.37,PK,3869.0,5.86,6.0,,,,,,,,,,,,,,,,,,,,,,,,,,,,,,,,,,,,,,,,,,,,,,,,,,,,,,,,,,,,,,,,,,,,,,,,,,,,,,,,,,,,,,,,,,,,,,,,
Etymotic Research ER4XR,headphone,flat,,HeadphoneFlat,,,,-6.0,7,,,headphone_eq/Etymotic Research ER4XR/iir-autoeq-flat.txt,PK,62.0,6.0,1.14,PK,65.0,-1.51,3.31,PK,133.0,3.88,0.89,PK,350.0,1.15,2.56,PK,755.0,4.45,1.89,PK,1660.0,-2.27,1.49,PK,6321.0,4.89,0.69,,,,,,,,,,,,,,,,,,,,,,,,,,,,,,,,,,,,,,,,,,,,,,,,,,,,,,,,,,,,,,,,,,,,,,,,,,,,,,,,,,,,,,,,,,,,,,,,
Etymotic Research ER4XR,headphone,score,,HeadphoneScore,,,,-6.0,7,,,headphone_eq/Etymotic Research ER4XR/iir-autoeq-score.txt,PK,69.0,6.0,0.5,PK,73.0,-0.3,3.75,PK,145.0,1.22,1.38,PK,333.0,0.47,3.16,PK,688.0,2.65,1.04,PK,1757.0,-1.8,1.21,PK,10061.0,5.05,0.5,,,,,,,,,,,,,,,,,,,,,,,,,,,,,,,,,,,,,,,,,,,,,,,,,,,,,,,,,,,,,,,,,,,,,,,,,,,,,,,,,,,,,,,,,,,,,,,,
FiiO Electronics FT1,headphone,flat,,HeadphoneFlat,,,,-5.8,7,,,headphone_eq/FiiO Electronics FT1/iir-autoeq-flat.txt,PK,88.0,2.5,2.68,PK,106.0,-3.65,0.5,PK,189.0,-1.19,2.22,PK,369.0,1.41,0.79,PK,771.0,1.82,1.87,PK,1574.0,-2.26,2.6,PK,5169.0,5.85,0.63,,,,,,,,,,,,,,,,,,,,,,,,,,,,,,,,,,,,,,,,,,,,,,,,,,,,,,,,,,,,,,,,,,,,,,,,,,,,,,,,,,,,,,,,,,,,,,,,
FiiO Electronics FT1,headphone,score,,HeadphoneScore,,,,-6.0,7,,,headphone_eq/FiiO Electronics FT1/iir-autoeq-score.txt,PK,89.0,3.61,1.61,PK,108.0,-5.16,0.5,PK,133.0,0.39,2.15,PK,401.0,1.97,1.45,PK,811.0,2.13,1.72,PK,1529.0,-1.43,2.01,PK,7079.0,6.0,0.5,,,,,,,,,,,,,,,,,,,,,,,,,,,,,,,,,,,,,,,,,,,,,,,,,,,,,,,,,,,,,,,,,,,,,,,,,,,,,,,,,,,,,,,,,,,,,,,,
Focal Celestee,headphone,flat,,HeadphoneFlat,,,,-6.0,7,,,headphone_eq/Focal Celestee/iir-autoeq-flat.txt,PK,60.0,6.0,1.39,PK,94.0,-2.55,3.86,PK,303.0,-1.52,2.58,PK,348.0,4.06,0.79,PK,764.0,-0.88,0.94,PK,1688.0,-2.87,2.52,PK,4896.0,6.0,0.52,,,,,,,,,,,,,,,,,,,,,,,,,,,,,,,,,,,,,,,,,,,,,,,,,,,,,,,,,,,,,,,,,,,,,,,,,,,,,,,,,,,,,,,,,,,,,,,,
Focal Celestee,headphone,score,,HeadphoneScore,,,,-6.0,7,,,headphone_eq/Focal Celestee/iir-autoeq-score.txt,PK,61.0,6.0,2.01,PK,95.0,-1.48,3.42,PK,201.0,1.62,0.94,PK,414.0,2.37,1.57,PK,1687.0,-4.03,2.1,PK,1794.0,1.4,1.01,PK,5464.0,5.94,0.5,,,,,,,,,,,,,,,,,,,,,,,,,,,,,,,,,,,,,,,,,,,,,,,,,,,,,,,,,,,,,,,,,,,,,,,,,,,,,,,,,,,,,,,,,,,,,,,,
Focal Stellia,headphone,flat,,HeadphoneFlat,,,,-6.0,7,,,headphone_eq/Focal Stellia/iir-autoeq-flat.txt,PK,60.0,6.0,1.67,PK,101.0,-3.97,3.14,PK,218.0,1.91,2.72,PK,370.0,2.98,1.03,PK,657.0,1.96,1.85,PK,1554.0,-2.74,3.45,PK,5874.0,6.0,0.5,,,,,,,,,,,,,,,,,,,,,,,,,,,,,,,,,,,,,,,,,,,,,,,,,,,,,,,,,,,,,,,,,,,,,,,,,,,,,,,,,,,,,,,,,,,,,,,,
Focal Stellia,headphone,score,,HeadphoneScore,,,,-6.0,7,,,headphone_eq/Focal Stellia/iir-autoeq-score.txt,PK,61.0,6.0,2.51,PK,105.0,-2.98,2.48,PK,223.0,2.13,1.42,PK,402.0,2.4,1.12,PK,657.0,1.75,2.0,PK,1685.0,-2.75,3.68,PK,5803.0,6.0,0.5,,,,,,,,,,,,,,,,,,,,,,,,,,,,,,,,,,,,,,,,,,,,,,,,,,,,,,,,,,,,,,,,,,,,,,,,,,,,,,,,,,,,,,,,,,,,,,,,
Focal Utopia,headphone,flat,,HeadphoneFlat,,,,-6.0,7,,,headphone_eq/Focal Utopia/iir-autoeq-flat.txt,PK,60.0,3.66,1.65,PK,99.0,0.98,1.63,PK,187.0,-1.65,1.27,PK,298.0,0.3,1.23,PK,657.0,0.8,3.31,PK,1460.0,-0.7,4.56,PK,11077.0,6.0,0.5,,,,,,,,,,,,,,,,,,,,,,,,,,,,,,,,,,,,,,,,,,,,,,,,,,,,,,,,,,,,,,,,,,,,,,,,,,,,,,,,,,,,,,,,,,,,,,,,
Focal Utopia,headphone,score,,HeadphoneScore,,,,-6.0,7,,,headphone_eq/Focal Utopia/iir-autoeq-score.txt,PK,60.0,3.54,0.88,PK,183.0,3.08,2.23,PK,187.0,-4.8,1.64,PK,296.0,0.29,1.94,PK,657.0,0.79,3.92,PK,1460.0,-0.67,3.53,PK,9781.0,6.0,0.5,,,,,,,,,,,,,,,,,,,,,,,,,,,,,,,,,,,,,,,,,,,,,,,,,,,,,,,,,,,,,,,,,,,,,,,,,,,,,,,,,,,,,,,,,,,,,,,,
Gold Planar GL2000,headphone,flat,,HeadphoneFlat,,,,-6.0,7,,,headphone_eq/Gold Planar GL2000/iir-autoeq-flat.txt,PK,60.0,3.83,0.97,PK,136.0,2.23,1.81,PK,148.0,-2.47,1.38,PK,365.0,-1.79,0.5,PK,997.0,-4.0,1.87,PK,1962.0,1.88,1.49,PK,5898.0,5.96,0.5,,,,,,,,,,,,,,,,,,,,,,,,,,,,,,,,,,,,,,,,,,,,,,,,,,,,,,,,,,,,,,,,,,,,,,,,,,,,,,,,,,,,,,,,,,,,,,,,
Gold Planar GL2000,headphone,score,,HeadphoneScore,,,,-6.0,7,,,headphone_eq/Gold Planar GL2000/iir-autoeq-score.txt,PK,60.0,3.56,0.88,PK,169.0,2.46,1.96,PK,178.0,-3.71,1.55,PK,679.0,-2.54,0.5,PK,1460.0,-2.24,0.87,PK,2238.0,5.1,0.97,PK,8460.0,5.78,0.5,,,,,,,,,,,,,,,,,,,,,,,,,,,,,,,,,,,,,,,,,,,,,,,,,,,,,,,,,,,,,,,,,,,,,,,,,,,,,,,,,,,,,,,,,,,,,,,,
Grado Custom Grado Clone With Elleven Acoustica R1 Driver,headphone,flat,,HeadphoneFlat,,,,-6.1,7,,,headphone_eq/Grado Custom Grado Clone With Elleven Acoustica R1 Driver/iir-autoeq-flat.txt,PK,60.0,0.08,3.69,PK,66.0,6.0,0.54,PK,338.0,1.96,2.97,PK,579.0,2.94,2.44,PK,1816.0,2.76,0.93,PK,2049.0,-11.9,3.02,PK,5892.0,6.0,0.5,,,,,,,,,,,,,,,,,,,,,,,,,,,,,,,,,,,,,,,,,,,,,,,,,,,,,,,,,,,,,,,,,,,,,,,,,,,,,,,,,,,,,,,,,,,,,,,,
Grado Custom Grado Clone With Elleven Acoustica R1 Driver,headphone,score,,HeadphoneScore,,,,-6.0,7,,,headphone_eq/Grado Custom Grado Clone With Elleven Acoustica R1 Driver/iir-autoeq-score.txt,PK,62.0,5.9,0.52,PK,87.0,0.47,3.53,PK,245.0,-0.91,1.94,PK,296.0,1.87,2.71,PK,657.0,2.26,1.01,PK,2038.0,-9.65,3.94,PK,5427.0,6.0,0.5,,,,,,,,,,,,,,,,,,,,,,,,,,,,,,,,,,,,,,,,,,,,,,,,,,,,,,,,,,,,,,,,,,,,,,,,,,,,,,,,,,,,,,,,,,,,,,,,
Hidizs MK12,headphone,flat,,HeadphoneFlat,,,,-6.0,7,,,headphone_eq/Hidizs MK12/iir-autoeq-flat.txt,PK,76.0,1.5,0.79,PK,146.0,0.97,1.76,PK,157.0,-4.0,0.83,PK,296.0,-1.37,1.56,PK,776.0,1.81,0.71,PK,1460.0,-1.86,1.07,PK,7946.0,6.0,0.51,,,,,,,,,,,,,,,,,,,,,,,,,,,,,,,,,,,,,,,,,,,,,,,,,,,,,,,,,,,,,,,,,,,,,,,,,,,,,,,,,,,,,,,,,,,,,,,,
Hidizs MK12,headphone,score,,HeadphoneScore,,,,-6.0,7,,,headphone_eq/Hidizs MK12/iir-autoeq-score.txt,PK,60.0,0.82,3.36,PK,133.0,-1.77,2.99,PK,211.0,-2.63,1.77,PK,301.0,-1.34,1.38,PK,733.0,1.65,1.21,PK,1460.0,-1.23,1.02,PK,7271.0,6.0,0.59,,,,,,,,,,,,,,,,,,,,,,,,,,,,,,,,,,,,,,,,,,,,,,,,,,,,,,,,,,,,,,,,,,,,,,,,,,,,,,,,,,,,,,,,,,,,,,,,
Hidizs MP145,headphone,flat,,HeadphoneFlat,,,,-4.3,7,,,headphone_eq/Hidizs MP145/iir-autoeq-flat.txt,PK,60.0,-1.65,2.74,PK,63.0,2.04,1.87,PK,295.0,-5.32,0.5,PK,386.0,3.77,0.91,PK,696.0,2.24,1.6,PK,1574.0,-0.78,3.03,PK,3579.0,4.39,1.31,,,,,,,,,,,,,,,,,,,,,,,,,,,,,,,,,,,,,,,,,,,,,,,,,,,,,,,,,,,,,,,,,,,,,,,,,,,,,,,,,,,,,,,,,,,,,,,,
Hidizs MP145,headphone,score,,HeadphoneScore,,,,-4.7,7,,,headphone_eq/Hidizs MP145/iir-autoeq-score.txt,PK,60.0,0.34,2.95,PK,141.0,-1.41,2.84,PK,318.0,-4.1,0.62,PK,412.0,3.43,1.63,PK,774.0,2.01,1.27,PK,1460.0,-1.25,2.69,PK,3642.0,4.79,1.4,,,,,,,,,,,,,,,,,,,,,,,,,,,,,,,,,,,,,,,,,,,,,,,,,,,,,,,,,,,,,,,,,,,,,,,,,,,,,,,,,,,,,,,,,,,,,,,,
HiFiMAN Ananda,headphone,flat,,HeadphoneFlat,,,,-2.3,7,,,headphone_eq/HiFiMAN Ananda/iir-autoeq-flat.txt,PK,63.0,-6.45,1.86,PK,68.0,4.56,2.13,PK,346.0,-8.06,0.5,PK,356.0,4.69,1.69,PK,1726.0,4.65,2.99,PK,3322.0,-6.86,1.58,PK,3479.0,2.59,3.84,,,,,,,,,,,,,,,,,,,,,,,,,,,,,,,,,,,,,,,,,,,,,,,,,,,,,,,,,,,,,,,,,,,,,,,,,,,,,,,,,,,,,,,,,,,,,,,,
HiFiMAN Ananda,headphone,score,,HeadphoneScore,,,,-2.1,7,,,headphone_eq/HiFiMAN Ananda/iir-autoeq-score.txt,PK,60.0,-2.19,3.29,PK,100.0,-0.28,0.84,PK,332.0,-7.19,0.5,PK,348.0,3.84,2.34,PK,1741.0,3.8,3.17,PK,3002.0,-4.95,2.36,PK,4739.0,-1.47,3.15,,,,,,,,,,,,,,,,,,,,,,,,,,,,,,,,,,,,,,,,,,,,,,,,,,,,,,,,,,,,,,,,,,,,,,,,,,,,,,,,,,,,,,,,,,,,,,,,
HiFiMAN Ananda Nano,headphone,flat,,HeadphoneFlat,,,,-2.5,7,,,headphone_eq/HiFiMAN Ananda Nano/iir-autoeq-flat.txt,PK,71.0,3.86,1.65,PK,77.0,-4.52,1.1,PK,501.0,2.22,1.89,PK,525.0,-4.37,0.5,PK,1461.0,0.22,1.56,PK,1855.0,4.08,2.17,PK,3683.0,-2.9,1.42,,,,,,,,,,,,,,,,,,,,,,,,,,,,,,,,,,,,,,,,,,,,,,,,,,,,,,,,,,,,,,,,,,,,,,,,,,,,,,,,,,,,,,,,,,,,,,,,
HiFiMAN Ananda Nano,headphone,score,,HeadphoneScore,,,,-2.2,7,,,headphone_eq/HiFiMAN Ananda Nano/iir-autoeq-score.txt,PK,75.0,-0.33,2.45,PK,107.0,-1.74,1.91,PK,414.0,-5.0,0.7,PK,434.0,3.22,1.74,PK,1499.0,-1.37,0.5,PK,1812.0,4.12,2.06,PK,5295.0,-3.34,1.86,,,,,,,,,,,,,,,,,,,,,,,,,,,,,,,,,,,,,,,,,,,,,,,,,,,,,,,,,,,,,,,,,,,,,,,,,,,,,,,,,,,,,,,,,,,,,,,,
HiFiMAN Ananda Stealth V2,headphone,flat,,HeadphoneFlat,,,,-2.0,7,,,headphone_eq/HiFiMAN Ananda Stealth V2/iir-autoeq-flat.txt,PK,61.0,0.6,3.03,PK,81.0,0.32,1.51,PK,296.0,-5.61,0.5,PK,328.0,2.55,2.07,PK,912.0,-1.39,2.47,PK,1633.0,2.82,4.0,PK,7029.0,-5.82,2.72,,,,,,,,,,,,,,,,,,,,,,,,,,,,,,,,,,,,,,,,,,,,,,,,,,,,,,,,,,,,,,,,,,,,,,,,,,,,,,,,,,,,,,,,,,,,,,,,
HiFiMAN Ananda Stealth V2,headphone,score,,HeadphoneScore,,,,-2.0,7,,,headphone_eq/HiFiMAN Ananda Stealth V2/iir-autoeq-score.txt,PK,60.0,0.32,3.04,PK,158.0,3.39,2.08,PK,163.0,-5.98,1.4,PK,437.0,-3.48,0.67,PK,1744.0,3.49,2.79,PK,3378.0,-4.79,1.45,PK,7693.0,-1.57,2.56,,,,,,,,,,,,,,,,,,,,,,,,,,,,,,,,,,,,,,,,,,,,,,,,,,,,,,,,,,,,,,,,,,,,,,,,,,,,,,,,,,,,,,,,,,,,,,,,
HiFiMAN Arya,headphone,flat,,HeadphoneFlat,,,,-1.8,7,,,headphone_eq/HiFiMAN Arya/iir-autoeq-flat.txt,PK,65.0,0.32,2.45,PK,135.0,-1.32,1.14,PK,358.0,-4.96,0.5,PK,430.0,2.13,2.3,PK,1710.0,4.1,2.31,PK,3962.0,4.21,3.26,PK,4074.0,-7.2,0.96,,,,,,,,,,,,,,,,,,,,,,,,,,,,,,,,,,,,,,,,,,,,,,,,,,,,,,,,,,,,,,,,,,,,,,,,,,,,,,,,,,,,,,,,,,,,,,,,
HiFiMAN Arya,headphone,score,,HeadphoneScore,,,,-0.0,7,,,headphone_eq/HiFiMAN Arya/iir-autoeq-score.txt,PK,60.0,-3.52,1.84,PK,61.0,4.23,2.75,PK,295.0,-8.16,0.6,PK,334.0,4.02,0.9,PK,920.0,-1.54,4.25,PK,4067.0,4.95,4.44,PK,4219.0,-7.24,1.68,,,,,,,,,,,,,,,,,,,,,,,,,,,,,,,,,,,,,,,,,,,,,,,,,,,,,,,,,,,,,,,,,,,,,,,,,,,,,,,,,,,,,,,,,,,,,,,,
HiFiMAN HE-560 V4,headphone,flat,,HeadphoneFlat,,,,-3.5,7,,,headphone_eq/HiFiMAN HE-560 V4/iir-autoeq-flat.txt,PK,62.0,1.56,1.41,PK,158.0,0.94,3.29,PK,177.0,-3.78,1.3,PK,576.0,-2.94,0.5,PK,992.0,-1.51,2.18,PK,2034.0,5.77,1.63,PK,4294.0,-5.66,1.06,,,,,,,,,,,,,,,,,,,,,,,,,,,,,,,,,,,,,,,,,,,,,,,,,,,,,,,,,,,,,,,,,,,,,,,,,,,,,,,,,,,,,,,,,,,,,,,,
HiFiMAN HE-560 V4,headphone,score,,HeadphoneScore,,,,-4.1,7,,,headphone_eq/HiFiMAN HE-560 V4/iir-autoeq-score.txt,PK,64.0,1.47,1.55,PK,161.0,1.32,2.52,PK,175.0,-4.25,1.35,PK,629.0,-3.39,0.52,PK,1945.0,2.25,2.01,PK,2049.0,3.66,2.74,PK,4268.0,-5.46,1.65,,,,,,,,,,,,,,,,,,,,,,,,,,,,,,,,,,,,,,,,,,,,,,,,,,,,,,,,,,,,,,,,,,,,,,,,,,,,,,,,,,,,,,,,,,,,,,,,
HiFiMAN HE-6,headphone,flat,,HeadphoneFlat,,,,-4.2,7,,,headphone_eq/HiFiMAN HE-6/iir-autoeq-flat.txt,PK,64.0,3.0,0.64,PK,162.0,3.96,2.04,PK,164.0,-5.32,1.42,PK,984.0,-3.28,0.9,PK,1460.0,0.42,1.94,PK,2011.0,5.3,2.11,PK,4317.0,-5.35,3.31,,,,,,,,,,,,,,,,,,,,,,,,,,,,,,,,,,,,,,,,,,,,,,,,,,,,,,,,,,,,,,,,,,,,,,,,,,,,,,,,,,,,,,,,,,,,,,,,
HiFiMAN HE-6,headphone,score,,HeadphoneScore,,,,-3.4,7,,,headphone_eq/HiFiMAN HE-6/iir-autoeq-score.txt,PK,62.0,2.83,0.84,PK,182.0,3.51,2.42,PK,184.0,-4.6,1.84,PK,1041.0,-3.24,0.66,PK,1713.0,2.16,2.66,PK,2141.0,4.25,1.59,PK,4203.0,-5.71,3.9,,,,,,,,,,,,,,,,,,,,,,,,,,,,,,,,,,,,,,,,,,,,,,,,,,,,,,,,,,,,,,,,,,,,,,,,,,,,,,,,,,,,,,,,,,,,,,,,
HiFiMAN HE-R10P,headphone,flat,,HeadphoneFlat,,,,-6.0,7,,,headphone_eq/HiFiMAN HE-R10P/iir-autoeq-flat.txt,PK,66.0,4.36,0.87,PK,134.0,-2.44,2.54,PK,142.0,2.61,1.62,PK,432.0,5.27,2.88,PK,1087.0,-5.23,3.02,PK,2247.0,3.86,1.66,PK,5136.0,5.65,0.65,,,,,,,,,,,,,,,,,,,,,,,,,,,,,,,,,,,,,,,,,,,,,,,,,,,,,,,,,,,,,,,,,,,,,,,,,,,,,,,,,,,,,,,,,,,,,,,,
HiFiMAN HE-R10P,headphone,score,,HeadphoneScore,,,,-6.0,7,,,headphone_eq/HiFiMAN HE-R10P/iir-autoeq-score.txt,PK,68.0,5.08,0.99,PK,76.0,-1.0,3.92,PK,210.0,1.32,2.34,PK,429.0,3.93,2.73,PK,657.0,-0.3,3.77,PK,2282.0,3.53,2.31,PK,5718.0,5.86,0.54,,,,,,,,,,,,,,,,,,,,,,,,,,,,,,,,,,,,,,,,,,,,,,,,,,,,,,,,,,,,,,,,,,,,,,,,,,,,,,,,,,,,,,,,,,,,,,,,
HiFiMAN HE400i 2020 Revision,headphone,score,,HeadphoneScore,,,,-3.2,7,,,headphone_eq/HiFiMAN HE400i 2020 Revision/iir-autoeq-score.txt,PK,62.0,2.75,0.84,PK,83.0,-0.5,1.25,PK,168.0,-0.57,2.62,PK,296.0,-2.5,0.54,PK,1460.0,-1.82,0.84,PK,2033.0,4.9,2.09,PK,3253.0,-0.6,2.34,,,,,,,,,,,,,,,,,,,,,,,,,,,,,,,,,,,,,,,,,,,,,,,,,,,,,,,,,,,,,,,,,,,,,,,,,,,,,,,,,,,,,,,,,,,,,,,,
HiFiMAN HE6se,headphone,flat,,HeadphoneFlat,,,,-2.3,7,,,headphone_eq/HiFiMAN HE6se/iir-autoeq-flat.txt,PK,65.0,2.33,1.14,PK,146.0,-0.04,2.49,PK,196.0,-1.08,1.46,PK,347.0,-2.72,0.5,PK,1460.0,-3.04,0.55,PK,1766.0,5.84,1.82,PK,3644.0,-4.68,2.84,,,,,,,,,,,,,,,,,,,,,,,,,,,,,,,,,,,,,,,,,,,,,,,,,,,,,,,,,,,,,,,,,,,,,,,,,,,,,,,,,,,,,,,,,,,,,,,,
HiFiMAN HE6se,headphone,score,,HeadphoneScore,,,,-2.9,7,,,headphone_eq/HiFiMAN HE6se/iir-autoeq-score.txt,PK,62.0,2.17,1.04,PK,182.0,2.56,2.55,PK,190.0,-4.46,1.58,PK,587.0,-3.38,0.5,PK,1807.0,4.4,3.14,PK,3622.0,-4.73,2.33,PK,3642.0,0.12,3.83,,,,,,,,,,,,,,,,,,,,,,,,,,,,,,,,,,,,,,,,,,,,,,,,,,,,,,,,,,,,,,,,,,,,,,,,,,,,,,,,,,,,,,,,,,,,,,,,
HiFiMAN Sundara,headphone,flat,,HeadphoneFlat,,,,-2.3,7,,,headphone_eq/HiFiMAN Sundara/iir-autoeq-flat.txt,PK,67.0,4.97,1.46,PK,69.0,-3.23,2.37,PK,190.0,-0.96,2.02,PK,296.0,-0.79,1.33,PK,1039.0,-2.36,2.8,PK,1554.0,0.69,1.18,PK,3243.0,0.84,0.59,,,,,,,,,,,,,,,,,,,,,,,,,,,,,,,,,,,,,,,,,,,,,,,,,,,,,,,,,,,,,,,,,,,,,,,,,,,,,,,,,,,,,,,,,,,,,,,,
HiFiMAN Sundara,headphone,score,,HeadphoneScore,,,,-3.8,7,,,headphone_eq/HiFiMAN Sundara/iir-autoeq-score.txt,PK,69.0,2.09,0.5,PK,160.0,3.24,1.86,PK,164.0,-4.63,1.44,PK,296.0,-0.66,1.37,PK,973.0,-1.56,2.41,PK,2168.0,2.14,2.12,PK,10051.0,3.77,1.98,,,,,,,,,,,,,,,,,,,,,,,,,,,,,,,,,,,,,,,,,,,,,,,,,,,,,,,,,,,,,,,,,,,,,,,,,,,,,,,,,,,,,,,,,,,,,,,,
HiFiMAN Susvara,headphone,flat,,HeadphoneFlat,,,,-3.1,7,,,headphone_eq/HiFiMAN Susvara/iir-autoeq-flat.txt,PK,64.0,1.94,2.09,PK,149.0,-1.48,2.74,PK,218.0,-3.35,2.55,PK,511.0,-2.17,0.91,PK,1461.0,-2.98,0.5,PK,1958.0,6.0,1.6,PK,3245.0,0.21,2.83,,,,,,,,,,,,,,,,,,,,,,,,,,,,,,,,,,,,,,,,,,,,,,,,,,,,,,,,,,,,,,,,,,,,,,,,,,,,,,,,,,,,,,,,,,,,,,,,
HiFiMAN Susvara,headphone,score,,HeadphoneScore,,,,-3.3,7,,,headphone_eq/HiFiMAN Susvara/iir-autoeq-score.txt,PK,60.0,2.0,2.14,PK,89.0,1.18,1.84,PK,133.0,0.1,4.34,PK,308.0,-4.12,0.5,PK,1971.0,1.94,2.79,PK,2164.0,2.49,3.88,PK,4195.0,-1.53,1.09,,,,,,,,,,,,,,,,,,,,,,,,,,,,,,,,,,,,,,,,,,,,,,,,,,,,,,,,,,,,,,,,,,,,,,,,,,,,,,,,,,,,,,,,,,,,,,,,
HyperX Cloud Orbit S,headphone,flat,,HeadphoneFlat,,,,-6.0,7,,,headphone_eq/HyperX Cloud Orbit S/iir-autoeq-flat.txt,PK,67.0,-1.09,3.75,PK,180.0,-3.98,0.65,PK,217.0,-1.17,3.22,PK,447.0,3.26,1.55,PK,657.0,0.42,2.29,PK,2808.0,-2.03,3.75,PK,7120.0,6.0,0.96,,,,,,,,,,,,,,,,,,,,,,,,,,,,,,,,,,,,,,,,,,,,,,,,,,,,,,,,,,,,,,,,,,,,,,,,,,,,,,,,,,,,,,,,,,,,,,,,
HyperX Cloud Orbit S,headphone,score,,HeadphoneScore,,,,-5.9,7,,,headphone_eq/HyperX Cloud Orbit S/iir-autoeq-score.txt,PK,64.0,-3.42,0.5,PK,70.0,2.25,2.83,PK,190.0,-2.54,2.94,PK,303.0,-1.82,0.55,PK,657.0,2.8,0.67,PK,1505.0,-2.08,1.95,PK,8291.0,5.93,0.82,,,,,,,,,,,,,,,,,,,,,,,,,,,,,,,,,,,,,,,,,,,,,,,,,,,,,,,,,,,,,,,,,,,,,,,,,,,,,,,,,,,,,,,,,,,,,,,,
JBL Endurance Run 2,headphone,flat,,HeadphoneFlat,,,,-1.4,7,,,headphone_eq/JBL Endurance Run 2/iir-autoeq-flat.txt,PK,83.0,0.64,2.15,PK,102.0,-4.42,0.5,PK,295.0,-4.03,1.55,PK,334.0,2.12,2.59,PK,720.0,2.11,1.54,PK,3704.0,3.26,2.75,PK,3759.0,-4.83,1.26,,,,,,,,,,,,,,,,,,,,,,,,,,,,,,,,,,,,,,,,,,,,,,,,,,,,,,,,,,,,,,,,,,,,,,,,,,,,,,,,,,,,,,,,,,,,,,,,
JBL Endurance Run 2,headphone,score,,HeadphoneScore,,,,-1.4,7,,,headphone_eq/JBL Endurance Run 2/iir-autoeq-score.txt,PK,92.0,1.21,2.52,PK,99.0,-4.82,0.7,PK,296.0,-4.02,1.23,PK,355.0,1.67,2.4,PK,700.0,2.13,1.62,PK,3273.0,3.14,4.64,PK,3275.0,-4.64,1.65,,,,,,,,,,,,,,,,,,,,,,,,,,,,,,,,,,,,,,,,,,,,,,,,,,,,,,,,,,,,,,,,,,,,,,,,,,,,,,,,,,,,,,,,,,,,,,,,
JH Audio JH Audio custom made IEM,headphone,flat,,HeadphoneFlat,,,,-6.0,7,,,headphone_eq/JH Audio JH Audio custom made IEM/iir-autoeq-flat.txt,PK,61.0,1.76,2.57,PK,132.0,-2.97,2.74,PK,133.0,2.42,2.55,PK,315.0,-7.13,0.51,PK,1316.0,-1.6,3.15,PK,2150.0,3.53,2.61,PK,3279.0,5.71,1.04,,,,,,,,,,,,,,,,,,,,,,,,,,,,,,,,,,,,,,,,,,,,,,,,,,,,,,,,,,,,,,,,,,,,,,,,,,,,,,,,,,,,,,,,,,,,,,,,
JH Audio JH Audio custom made IEM,headphone,score,,HeadphoneScore,,,,-6.0,7,,,headphone_eq/JH Audio JH Audio custom made IEM/iir-autoeq-score.txt,PK,60.0,1.65,2.5,PK,160.0,-2.15,1.37,PK,162.0,1.26,2.78,PK,337.0,-6.36,0.52,PK,1084.0,-0.63,2.61,PK,2186.0,4.46,3.73,PK,3444.0,5.95,1.41,,,,,,,,,,,,,,,,,,,,,,,,,,,,,,,,,,,,,,,,,,,,,,,,,,,,,,,,,,,,,,,,,,,,,,,,,,,,,,,,,,,,,,,,,,,,,,,,
Kennerton Rognir,headphone,flat,,HeadphoneFlat,,,,-5.9,7,,,headphone_eq/Kennerton Rognir/iir-autoeq-flat.txt,PK,60.0,5.05,1.93,PK,62.0,-2.25,1.66,PK,204.0,5.34,2.39,PK,574.0,-1.15,0.5,PK,657.0,2.03,3.71,PK,1562.0,-1.71,2.34,PK,3963.0,6.0,0.79,,,,,,,,,,,,,,,,,,,,,,,,,,,,,,,,,,,,,,,,,,,,,,,,,,,,,,,,,,,,,,,,,,,,,,,,,,,,,,,,,,,,,,,,,,,,,,,,
Kennerton Rognir,headphone,score,,HeadphoneScore,,,,-5.9,7,,,headphone_eq/Kennerton Rognir/iir-autoeq-score.txt,PK,60.0,2.47,2.14,PK,134.0,-0.82,1.89,PK,195.0,4.65,1.99,PK,657.0,4.62,2.72,PK,751.0,-4.38,1.46,PK,1648.0,-2.23,3.07,PK,4027.0,6.0,0.67,,,,,,,,,,,,,,,,,,,,,,,,,,,,,,,,,,,,,,,,,,,,,,,,,,,,,,,,,,,,,,,,,,,,,,,,,,,,,,,,,,,,,,,,,,,,,,,,
Koss Porta Pro,headphone,flat,,HeadphoneFlat,,,,-5.9,7,,,headphone_eq/Koss Porta Pro/iir-autoeq-flat.txt,PK,60.0,2.82,3.42,PK,169.0,-3.79,0.88,PK,313.0,-0.38,1.27,PK,417.0,1.29,2.73,PK,1191.0,0.35,1.65,PK,1998.0,-3.99,2.2,PK,5230.0,6.0,0.5,,,,,,,,,,,,,,,,,,,,,,,,,,,,,,,,,,,,,,,,,,,,,,,,,,,,,,,,,,,,,,,,,,,,,,,,,,,,,,,,,,,,,,,,,,,,,,,,
Koss Porta Pro,headphone,score,,HeadphoneScore,,,,-5.9,7,,,headphone_eq/Koss Porta Pro/iir-autoeq-score.txt,PK,61.0,2.32,3.77,PK,159.0,-2.61,1.1,PK,297.0,-1.88,0.51,PK,406.0,1.62,2.65,PK,725.0,1.43,1.46,PK,2034.0,-3.23,2.68,PK,5910.0,6.0,0.5,,,,,,,,,,,,,,,,,,,,,,,,,,,,,,,,,,,,,,,,,,,,,,,,,,,,,,,,,,,,,,,,,,,,,,,,,,,,,,,,,,,,,,,,,,,,,,,,
KZ CCA Trio,headphone,flat,,HeadphoneFlat,,,,-3.4,7,,,headphone_eq/KZ CCA Trio/iir-autoeq-flat.txt,PK,111.0,3.05,2.3,PK,119.0,-6.01,0.94,PK,329.0,0.22,0.99,PK,375.0,0.75,3.68,PK,657.0,2.29,1.35,PK,2996.0,-1.27,1.51,PK,6637.0,3.55,2.42,,,,,,,,,,,,,,,,,,,,,,,,,,,,,,,,,,,,,,,,,,,,,,,,,,,,,,,,,,,,,,,,,,,,,,,,,,,,,,,,,,,,,,,,,,,,,,,,
KZ CCA Trio,headphone,score,,HeadphoneScore,,,,-4.1,7,,,headphone_eq/KZ CCA Trio/iir-autoeq-score.txt,PK,60.0,1.32,2.04,PK,70.0,-2.9,0.87,PK,155.0,-3.03,1.45,PK,412.0,0.63,1.75,PK,657.0,2.11,1.43,PK,3092.0,-1.42,1.85,PK,6648.0,4.18,2.84,,,,,,,,,,,,,,,,,,,,,,,,,,,,,,,,,,,,,,,,,,,,,,,,,,,,,,,,,,,,,,,,,,,,,,,,,,,,,,,,,,,,,,,,,,,,,,,,
LTS V3,headphone,flat,,HeadphoneFlat,,,,-4.6,7,,,headphone_eq/LTS V3/iir-autoeq-flat.txt,PK,60.0,2.14,0.97,PK,153.0,2.59,1.42,PK,158.0,-3.32,1.13,PK,428.0,1.21,1.9,PK,657.0,0.68,3.49,PK,1460.0,-1.3,3.81,PK,3244.0,4.61,1.57,,,,,,,,,,,,,,,,,,,,,,,,,,,,,,,,,,,,,,,,,,,,,,,,,,,,,,,,,,,,,,,,,,,,,,,,,,,,,,,,,,,,,,,,,,,,,,,,
LTS V3,headphone,score,,HeadphoneScore,,,,-4.7,7,,,headphone_eq/LTS V3/iir-autoeq-score.txt,PK,60.0,2.17,1.01,PK,134.0,2.34,1.18,PK,139.0,-2.99,1.04,PK,440.0,1.2,1.84,PK,657.0,0.66,3.44,PK,1460.0,-0.95,4.4,PK,3405.0,4.7,2.19,,,,,,,,,,,,,,,,,,,,,,,,,,,,,,,,,,,,,,,,,,,,,,,,,,,,,,,,,,,,,,,,,,,,,,,,,,,,,,,,,,,,,,,,,,,,,,,,
Meze Audio 105 AER,headphone,flat,,HeadphoneFlat,,,,-3.2,7,,,headphone_eq/Meze Audio 105 AER/iir-autoeq-flat.txt,PK,60.0,2.87,3.41,PK,120.0,-0.89,1.81,PK,328.0,-3.89,0.5,PK,404.0,2.82,2.6,PK,2024.0,3.86,3.48,PK,3243.0,1.57,2.96,PK,3956.0,-5.55,2.24,,,,,,,,,,,,,,,,,,,,,,,,,,,,,,,,,,,,,,,,,,,,,,,,,,,,,,,,,,,,,,,,,,,,,,,,,,,,,,,,,,,,,,,,,,,,,,,,
Meze Audio 105 AER,headphone,score,,HeadphoneScore,,,,-2.5,7,,,headphone_eq/Meze Audio 105 AER/iir-autoeq-score.txt,PK,60.0,2.72,3.31,PK,121.0,-0.78,1.96,PK,296.0,-3.56,0.5,PK,409.0,1.77,2.06,PK,937.0,-1.72,2.75,PK,2044.0,3.12,2.17,PK,4060.0,-5.26,2.99,,,,,,,,,,,,,,,,,,,,,,,,,,,,,,,,,,,,,,,,,,,,,,,,,,,,,,,,,,,,,,,,,,,,,,,,,,,,,,,,,,,,,,,,,,,,,,,,
Meze Audio Liric,headphone,flat,,HeadphoneFlat,,,,-5.8,7,,,headphone_eq/Meze Audio Liric/iir-autoeq-flat.txt,PK,79.0,1.9,3.19,PK,96.0,-3.99,1.01,PK,173.0,1.65,2.32,PK,351.0,2.35,1.52,PK,840.0,-2.31,2.06,PK,1460.0,-2.38,1.46,PK,3984.0,6.0,0.5,,,,,,,,,,,,,,,,,,,,,,,,,,,,,,,,,,,,,,,,,,,,,,,,,,,,,,,,,,,,,,,,,,,,,,,,,,,,,,,,,,,,,,,,,,,,,,,,
Meze Audio Liric,headphone,score,,HeadphoneScore,,,,-6.0,7,,,headphone_eq/Meze Audio Liric/iir-autoeq-score.txt,PK,60.0,-0.95,2.91,PK,108.0,-3.31,1.75,PK,176.0,0.98,2.56,PK,362.0,1.84,1.44,PK,1023.0,-3.97,2.47,PK,1460.0,-1.36,3.96,PK,4558.0,6.0,0.5,,,,,,,,,,,,,,,,,,,,,,,,,,,,,,,,,,,,,,,,,,,,,,,,,,,,,,,,,,,,,,,,,,,,,,,,,,,,,,,,,,,,,,,,,,,,,,,,
Monoprice M1570C,headphone,flat,,HeadphoneFlat,,,,-6.0,7,,,headphone_eq/Monoprice M1570C/iir-autoeq-flat.txt,PK,66.0,6.0,0.94,PK,71.0,-1.3,2.79,PK,137.0,3.3,0.97,PK,347.0,3.09,1.76,PK,664.0,1.96,2.01,PK,1760.0,-0.74,1.26,PK,3732.0,1.53,2.04,,,,,,,,,,,,,,,,,,,,,,,,,,,,,,,,,,,,,,,,,,,,,,,,,,,,,,,,,,,,,,,,,,,,,,,,,,,,,,,,,,,,,,,,,,,,,,,,
Monoprice M1570C,headphone,score,,HeadphoneScore,,,,-6.0,7,,,headphone_eq/Monoprice M1570C/iir-autoeq-score.txt,PK,65.0,5.98,0.6,PK,69.0,-0.4,5.08,PK,142.0,2.28,1.88,PK,396.0,3.53,1.19,PK,875.0,-0.04,4.02,PK,3087.0,-5.4,1.69,PK,3425.0,4.16,1.15,,,,,,,,,,,,,,,,,,,,,,,,,,,,,,,,,,,,,,,,,,,,,,,,,,,,,,,,,,,,,,,,,,,,,,,,,,,,,,,,,,,,,,,,,,,,,,,,
Monoprice Monolith M565,headphone,flat,,HeadphoneFlat,,,,-6.0,7,,,headphone_eq/Monoprice Monolith M565/iir-autoeq-flat.txt,PK,66.0,4.11,0.62,PK,134.0,2.89,1.77,PK,140.0,-4.28,1.27,PK,342.0,-0.49,0.5,PK,1035.0,-4.63,2.59,PK,1460.0,0.2,3.78,PK,4665.0,6.0,0.5,,,,,,,,,,,,,,,,,,,,,,,,,,,,,,,,,,,,,,,,,,,,,,,,,,,,,,,,,,,,,,,,,,,,,,,,,,,,,,,,,,,,,,,,,,,,,,,,
Monoprice Monolith M565,headphone,score,,HeadphoneScore,,,,-6.1,7,,,headphone_eq/Monoprice Monolith M565/iir-autoeq-score.txt,PK,69.0,5.8,1.08,PK,72.0,-2.16,1.97,PK,154.0,-0.25,3.0,PK,302.0,-1.56,0.5,PK,1460.0,-2.8,2.13,PK,2219.0,3.99,3.2,PK,5452.0,5.98,0.5,,,,,,,,,,,,,,,,,,,,,,,,,,,,,,,,,,,,,,,,,,,,,,,,,,,,,,,,,,,,,,,,,,,,,,,,,,,,,,,,,,,,,,,,,,,,,,,,
MOONDROP Chu II,headphone,flat,,HeadphoneFlat,,,,-3.6,7,,,headphone_eq/MOONDROP Chu II/iir-autoeq-flat.txt,PK,89.0,3.39,0.79,PK,153.0,-3.59,0.9,PK,157.0,1.08,2.8,PK,417.0,1.64,2.35,PK,667.0,1.97,1.44,PK,3844.0,-1.69,1.58,PK,6704.0,3.97,2.79,,,,,,,,,,,,,,,,,,,,,,,,,,,,,,,,,,,,,,,,,,,,,,,,,,,,,,,,,,,,,,,,,,,,,,,,,,,,,,,,,,,,,,,,,,,,,,,,
MOONDROP Chu II,headphone,score,,HeadphoneScore,,,,-2.8,7,,,headphone_eq/MOONDROP Chu II/iir-autoeq-score.txt,PK,70.0,2.19,1.48,PK,137.0,2.79,1.53,PK,152.0,-3.75,1.44,PK,355.0,0.77,2.74,PK,657.0,2.69,1.79,PK,2136.0,-0.73,1.52,PK,6734.0,2.81,2.3,,,,,,,,,,,,,,,,,,,,,,,,,,,,,,,,,,,,,,,,,,,,,,,,,,,,,,,,,,,,,,,,,,,,,,,,,,,,,,,,,,,,,,,,,,,,,,,,
MOONDROP Para 2,headphone,flat,,HeadphoneFlat,,,,-6.0,7,,,headphone_eq/MOONDROP Para 2/iir-autoeq-flat.txt,PK,60.0,2.77,2.63,PK,82.0,4.09,0.78,PK,296.0,-1.19,1.52,PK,350.0,2.01,1.83,PK,1153.0,-3.53,2.01,PK,2064.0,4.38,3.82,PK,5046.0,3.97,0.5,,,,,,,,,,,,,,,,,,,,,,,,,,,,,,,,,,,,,,,,,,,,,,,,,,,,,,,,,,,,,,,,,,,,,,,,,,,,,,,,,,,,,,,,,,,,,,,,
MOONDROP Para 2,headphone,score,,HeadphoneScore,,,,-6.0,7,,,headphone_eq/MOONDROP Para 2/iir-autoeq-score.txt,PK,60.0,1.87,3.03,PK,77.0,4.5,0.74,PK,295.0,-1.36,1.53,PK,365.0,2.19,1.65,PK,678.0,-1.11,1.29,PK,1460.0,-0.52,3.16,PK,7778.0,6.0,0.5,,,,,,,,,,,,,,,,,,,,,,,,,,,,,,,,,,,,,,,,,,,,,,,,,,,,,,,,,,,,,,,,,,,,,,,,,,,,,,,,,,,,,,,,,,,,,,,,
Neumann NDH20,headphone,flat,,HeadphoneFlat,,,,-6.3,7,,,headphone_eq/Neumann NDH20/iir-autoeq-flat.txt,PK,83.0,-9.0,0.5,PK,96.0,3.86,2.31,PK,323.0,-6.38,0.5,PK,364.0,2.41,1.62,PK,2209.0,2.58,3.86,PK,2575.0,6.0,4.45,PK,3296.0,-1.32,3.66,,,,,,,,,,,,,,,,,,,,,,,,,,,,,,,,,,,,,,,,,,,,,,,,,,,,,,,,,,,,,,,,,,,,,,,,,,,,,,,,,,,,,,,,,,,,,,,,
Neumann NDH20,headphone,score,,HeadphoneScore,,,,-4.3,7,,,headphone_eq/Neumann NDH20/iir-autoeq-score.txt,PK,60.0,-7.12,0.5,PK,98.0,1.59,3.62,PK,295.0,-9.21,0.53,PK,368.0,3.73,1.61,PK,1238.0,0.71,3.83,PK,2607.0,6.0,3.44,PK,4984.0,-5.33,1.29,,,,,,,,,,,,,,,,,,,,,,,,,,,,,,,,,,,,,,,,,,,,,,,,,,,,,,,,,,,,,,,,,,,,,,,,,,,,,,,,,,,,,,,,,,,,,,,,
NICE HCK NX8,headphone,flat,,HeadphoneFlat,,,,-3.2,7,,,headphone_eq/NICE HCK NX8/iir-autoeq-flat.txt,PK,73.0,3.88,1.69,PK,74.0,-3.2,2.44,PK,133.0,0.33,4.34,PK,295.0,-0.93,1.12,PK,657.0,1.88,1.17,PK,1460.0,-2.26,2.02,PK,4192.0,3.27,0.5,,,,,,,,,,,,,,,,,,,,,,,,,,,,,,,,,,,,,,,,,,,,,,,,,,,,,,,,,,,,,,,,,,,,,,,,,,,,,,,,,,,,,,,,,,,,,,,,
NICE HCK NX8,headphone,score,,HeadphoneScore,,,,-3.8,7,,,headphone_eq/NICE HCK NX8/iir-autoeq-score.txt,PK,81.0,4.61,1.48,PK,81.0,-3.91,1.88,PK,295.0,-3.74,1.75,PK,313.0,2.94,1.93,PK,657.0,1.68,1.25,PK,1460.0,-1.67,2.22,PK,5358.0,3.82,0.5,,,,,,,,,,,,,,,,,,,,,,,,,,,,,,,,,,,,,,,,,,,,,,,,,,,,,,,,,,,,,,,,,,,,,,,,,,,,,,,,,,,,,,,,,,,,,,,,
Oppo Digital PM3,headphone,score,,HeadphoneScore,,,,-4.4,7,,,headphone_eq/Oppo Digital PM3/iir-autoeq-score.txt,PK,60.0,6.0,3.13,PK,117.0,-8.07,0.58,PK,133.0,0.28,2.68,PK,355.0,2.55,2.15,PK,1461.0,-0.48,1.71,PK,2125.0,0.51,1.76,PK,3273.0,4.31,2.41,,,,,,,,,,,,,,,,,,,,,,,,,,,,,,,,,,,,,,,,,,,,,,,,,,,,,,,,,,,,,,,,,,,,,,,,,,,,,,,,,,,,,,,,,,,,,,,,
Panasonic RP-TCM125,headphone,flat,,HeadphoneFlat,,,,-5.6,7,,,headphone_eq/Panasonic RP-TCM125/iir-autoeq-flat.txt,PK,65.0,-1.03,2.66,PK,133.0,0.45,3.09,PK,140.0,-8.99,0.5,PK,352.0,-2.83,1.24,PK,887.0,1.62,2.26,PK,1752.0,0.06,3.58,PK,8330.0,5.58,2.17,,,,,,,,,,,,,,,,,,,,,,,,,,,,,,,,,,,,,,,,,,,,,,,,,,,,,,,,,,,,,,,,,,,,,,,,,,,,,,,,,,,,,,,,,,,,,,,,
Panasonic RP-TCM125,headphone,score,,HeadphoneScore,,,,-3.1,7,,,headphone_eq/Panasonic RP-TCM125/iir-autoeq-score.txt,PK,72.0,2.17,1.72,PK,92.0,-8.37,0.5,PK,277.0,2.41,2.45,PK,295.0,-6.97,0.86,PK,773.0,1.82,2.08,PK,1662.0,0.29,3.48,PK,7792.0,3.1,1.73,,,,,,,,,,,,,,,,,,,,,,,,,,,,,,,,,,,,,,,,,,,,,,,,,,,,,,,,,,,,,,,,,,,,,,,,,,,,,,,,,,,,,,,,,,,,,,,,
Philips Fidelio X2HR,headphone,flat,,HeadphoneFlat,,,,-3.0,7,,,headphone_eq/Philips Fidelio X2HR/iir-autoeq-flat.txt,PK,60.0,0.77,3.01,PK,133.0,2.59,1.93,PK,137.0,-2.09,1.87,PK,428.0,1.38,2.7,PK,1474.0,3.16,1.38,PK,1533.0,-4.95,3.14,PK,3243.0,2.7,2.56,,,,,,,,,,,,,,,,,,,,,,,,,,,,,,,,,,,,,,,,,,,,,,,,,,,,,,,,,,,,,,,,,,,,,,,,,,,,,,,,,,,,,,,,,,,,,,,,
Philips Fidelio X2HR,headphone,score,,HeadphoneScore,,,,-3.3,7,,,headphone_eq/Philips Fidelio X2HR/iir-autoeq-score.txt,PK,62.0,4.91,1.97,PK,64.0,-4.43,2.51,PK,309.0,-1.72,1.87,PK,362.0,2.47,1.63,PK,1222.0,1.5,1.43,PK,1536.0,-1.76,2.18,PK,3243.0,3.36,2.53,,,,,,,,,,,,,,,,,,,,,,,,,,,,,,,,,,,,,,,,,,,,,,,,,,,,,,,,,,,,,,,,,,,,,,,,,,,,,,,,,,,,,,,,,,,,,,,,
PSB M4U 1,headphone,flat,,HeadphoneFlat,,,,-4.7,7,,,headphone_eq/PSB M4U 1/iir-autoeq-flat.txt,PK,63.0,5.93,1.64,PK,166.0,3.07,3.08,PK,171.0,-7.17,1.11,PK,380.0,-3.43,0.5,PK,1660.0,0.29,2.86,PK,2069.0,3.81,2.94,PK,4748.0,-0.68,4.42,,,,,,,,,,,,,,,,,,,,,,,,,,,,,,,,,,,,,,,,,,,,,,,,,,,,,,,,,,,,,,,,,,,,,,,,,,,,,,,,,,,,,,,,,,,,,,,,
PSB M4U 1,headphone,score,,HeadphoneScore,,,,-4.4,7,,,headphone_eq/PSB M4U 1/iir-autoeq-score.txt,PK,63.0,5.46,1.51,PK,133.0,-3.59,1.33,PK,219.0,-3.67,2.26,PK,381.0,-3.77,0.5,PK,1774.0,2.05,3.79,PK,2230.0,2.56,2.8,PK,3447.0,-0.26,2.48,,,,,,,,,,,,,,,,,,,,,,,,,,,,,,,,,,,,,,,,,,,,,,,,,,,,,,,,,,,,,,,,,,,,,,,,,,,,,,,,,,,,,,,,,,,,,,,,
Sennheiser HD 820,headphone,flat,,HeadphoneFlat,,,,-6.1,7,,,headphone_eq/Sennheiser HD 820/iir-autoeq-flat.txt,PK,68.0,5.7,3.08,PK,135.0,-9.46,0.84,PK,264.0,5.69,2.97,PK,337.0,6.0,1.51,PK,657.0,0.69,3.94,PK,1553.0,-0.61,2.92,PK,3855.0,5.93,2.2,,,,,,,,,,,,,,,,,,,,,,,,,,,,,,,,,,,,,,,,,,,,,,,,,,,,,,,,,,,,,,,,,,,,,,,,,,,,,,,,,,,,,,,,,,,,,,,,
Sennheiser HD 820,headphone,score,,HeadphoneScore,,,,-6.0,7,,,headphone_eq/Sennheiser HD 820/iir-autoeq-score.txt,PK,68.0,6.0,4.04,PK,143.0,-9.89,0.84,PK,263.0,5.84,2.42,PK,343.0,6.0,1.21,PK,1650.0,3.98,1.84,PK,1771.0,-5.14,1.03,PK,6081.0,6.0,0.5,,,,,,,,,,,,,,,,,,,,,,,,,,,,,,,,,,,,,,,,,,,,,,,,,,,,,,,,,,,,,,,,,,,,,,,,,,,,,,,,,,,,,,,,,,,,,,,,
Sennheiser HD490 Pro,headphone,flat,,HeadphoneFlat,,,,-3.1,7,,,headphone_eq/Sennheiser HD490 Pro/iir-autoeq-flat.txt,PK,60.0,0.31,3.81,PK,121.0,-0.58,0.84,PK,310.0,-5.53,0.77,PK,327.0,3.76,1.79,PK,1461.0,-0.68,1.52,PK,2224.0,3.52,2.41,PK,3243.0,-0.4,4.26,,,,,,,,,,,,,,,,,,,,,,,,,,,,,,,,,,,,,,,,,,,,,,,,,,,,,,,,,,,,,,,,,,,,,,,,,,,,,,,,,,,,,,,,,,,,,,,,
Sennheiser HD490 Pro,headphone,score,,HeadphoneScore,,,,-3.0,7,,,headphone_eq/Sennheiser HD490 Pro/iir-autoeq-score.txt,PK,61.0,0.25,5.21,PK,145.0,-0.19,1.6,PK,297.0,-3.59,0.5,PK,362.0,1.37,2.33,PK,2282.0,2.51,1.98,PK,2305.0,0.72,2.9,PK,3243.0,-0.17,3.01,,,,,,,,,,,,,,,,,,,,,,,,,,,,,,,,,,,,,,,,,,,,,,,,,,,,,,,,,,,,,,,,,,,,,,,,,,,,,,,,,,,,,,,,,,,,,,,,
Sennheiser HD560S,headphone,flat,,HeadphoneFlat,,,,-3.3,7,,,headphone_eq/Sennheiser HD560S/iir-autoeq-flat.txt,PK,62.0,3.59,0.84,PK,152.0,1.73,2.28,PK,155.0,-2.91,1.32,PK,359.0,0.53,1.66,PK,657.0,0.3,3.44,PK,1460.0,-0.83,3.23,PK,3243.0,2.18,1.12,,,,,,,,,,,,,,,,,,,,,,,,,,,,,,,,,,,,,,,,,,,,,,,,,,,,,,,,,,,,,,,,,,,,,,,,,,,,,,,,,,,,,,,,,,,,,,,,
Sennheiser HD560S,headphone,score,,HeadphoneScore,,,,-3.5,7,,,headphone_eq/Sennheiser HD560S/iir-autoeq-score.txt,PK,63.0,3.46,1.66,PK,134.0,2.78,1.43,PK,145.0,-3.35,1.6,PK,305.0,-0.05,1.81,PK,657.0,0.69,3.75,PK,1460.0,-0.39,2.56,PK,3243.0,2.78,1.91,,,,,,,,,,,,,,,,,,,,,,,,,,,,,,,,,,,,,,,,,,,,,,,,,,,,,,,,,,,,,,,,,,,,,,,,,,,,,,,,,,,,,,,,,,,,,,,,
Sennheiser HD620s,headphone,flat,,HeadphoneFlat,,,,-5.5,7,,,headphone_eq/Sennheiser HD620s/iir-autoeq-flat.txt,PK,70.0,1.6,2.89,PK,116.0,-5.52,1.55,PK,226.0,3.89,2.47,PK,648.0,-2.02,1.99,PK,857.0,1.17,1.98,PK,2656.0,-2.38,2.64,PK,3770.0,5.96,3.3,,,,,,,,,,,,,,,,,,,,,,,,,,,,,,,,,,,,,,,,,,,,,,,,,,,,,,,,,,,,,,,,,,,,,,,,,,,,,,,,,,,,,,,,,,,,,,,,
Sennheiser HD620s,headphone,score,,HeadphoneScore,,,,-5.8,7,,,headphone_eq/Sennheiser HD620s/iir-autoeq-score.txt,PK,72.0,2.0,2.33,PK,116.0,-5.8,1.31,PK,220.0,3.66,1.89,PK,656.0,-3.98,1.9,PK,739.0,2.5,1.46,PK,2581.0,-1.64,3.53,PK,3873.0,6.0,4.54,,,,,,,,,,,,,,,,,,,,,,,,,,,,,,,,,,,,,,,,,,,,,,,,,,,,,,,,,,,,,,,,,,,,,,,,,,,,,,,,,,,,,,,,,,,,,,,,
Sennheiser HD660S,headphone,flat,,HeadphoneFlat,,,,-6.0,7,,,headphone_eq/Sennheiser HD660S/iir-autoeq-flat.txt,PK,60.0,4.97,0.73,PK,165.0,2.58,2.8,PK,167.0,-4.94,1.46,PK,296.0,-0.74,1.96,PK,1354.0,-4.62,3.5,PK,1625.0,3.13,1.85,PK,9564.0,5.99,0.5,,,,,,,,,,,,,,,,,,,,,,,,,,,,,,,,,,,,,,,,,,,,,,,,,,,,,,,,,,,,,,,,,,,,,,,,,,,,,,,,,,,,,,,,,,,,,,,,
Sennheiser HD660S,headphone,score,,HeadphoneScore,,,,-6.0,7,,,headphone_eq/Sennheiser HD660S/iir-autoeq-score.txt,PK,61.0,4.6,0.88,PK,133.0,-1.01,3.03,PK,210.0,-2.57,1.26,PK,421.0,-0.08,1.25,PK,1460.0,-1.8,2.12,PK,2206.0,3.68,2.39,PK,9157.0,6.0,0.59,,,,,,,,,,,,,,,,,,,,,,,,,,,,,,,,,,,,,,,,,,,,,,,,,,,,,,,,,,,,,,,,,,,,,,,,,,,,,,,,,,,,,,,,,,,,,,,,
Sennheiser MASSDROP Sennheiser HD58X JUBILEE,headphone,flat,,HeadphoneFlat,,,,-6.0,7,,,headphone_eq/Sennheiser MASSDROP Sennheiser HD58X JUBILEE/iir-autoeq-flat.txt,PK,60.0,4.54,1.26,PK,173.0,3.36,2.69,PK,177.0,-4.82,1.72,PK,295.0,-0.27,2.04,PK,1460.0,-3.5,1.67,PK,1817.0,3.7,1.4,PK,10642.0,5.95,0.57,,,,,,,,,,,,,,,,,,,,,,,,,,,,,,,,,,,,,,,,,,,,,,,,,,,,,,,,,,,,,,,,,,,,,,,,,,,,,,,,,,,,,,,,,,,,,,,,
Sennheiser MASSDROP Sennheiser HD58X JUBILEE,headphone,score,,HeadphoneScore,,,,-4.7,7,,,headphone_eq/Sennheiser MASSDROP Sennheiser HD58X JUBILEE/iir-autoeq-score.txt,PK,63.0,4.24,1.29,PK,156.0,2.85,2.14,PK,159.0,-4.18,1.55,PK,296.0,-0.66,1.26,PK,823.0,-0.45,2.71,PK,2193.0,1.87,3.01,PK,9421.0,4.67,0.53,,,,,,,,,,,,,,,,,,,,,,,,,,,,,,,,,,,,,,,,,,,,,,,,,,,,,,,,,,,,,,,,,,,,,,,,,,,,,,,,,,,,,,,,,,,,,,,,
Shure SE535 Limited,headphone,flat,,HeadphoneFlat,,,,-6.0,7,,,headphone_eq/Shure SE535 Limited/iir-autoeq-flat.txt,PK,60.0,6.0,0.73,PK,63.0,0.19,2.36,PK,161.0,-0.64,1.26,PK,295.0,-2.27,1.0,PK,1461.0,-3.65,3.2,PK,1948.0,4.0,1.88,PK,10902.0,6.0,0.5,,,,,,,,,,,,,,,,,,,,,,,,,,,,,,,,,,,,,,,,,,,,,,,,,,,,,,,,,,,,,,,,,,,,,,,,,,,,,,,,,,,,,,,,,,,,,,,,
Shure SE535 Limited,headphone,score,,HeadphoneScore,,,,-6.0,7,,,headphone_eq/Shure SE535 Limited/iir-autoeq-score.txt,PK,62.0,5.94,1.13,PK,91.0,0.72,2.74,PK,133.0,0.77,1.53,PK,295.0,-2.42,0.77,PK,687.0,1.14,3.2,PK,2570.0,1.41,2.99,PK,5264.0,4.86,0.72,,,,,,,,,,,,,,,,,,,,,,,,,,,,,,,,,,,,,,,,,,,,,,,,,,,,,,,,,,,,,,,,,,,,,,,,,,,,,,,,,,,,,,,,,,,,,,,,
Sivga Phoenix,headphone,score,,HeadphoneScore,,,,-2.1,7,,,headphone_eq/Sivga Phoenix/iir-autoeq-score.txt,PK,79.0,0.35,1.76,PK,111.0,-2.86,0.5,PK,295.0,4.76,1.73,PK,295.0,-9.27,0.98,PK,1608.0,4.92,3.34,PK,1616.0,-4.0,3.0,PK,3243.0,2.21,4.18,,,,,,,,,,,,,,,,,,,,,,,,,,,,,,,,,,,,,,,,,,,,,,,,,,,,,,,,,,,,,,,,,,,,,,,,,,,,,,,,,,,,,,,,,,,,,,,,
Sivga SV021,headphone,flat,,HeadphoneFlat,,,,-5.9,7,,,headphone_eq/Sivga SV021/iir-autoeq-flat.txt,PK,60.0,-2.86,2.96,PK,147.0,-8.01,0.65,PK,428.0,0.98,2.96,PK,436.0,6.0,1.54,PK,657.0,3.75,2.13,PK,1460.0,-1.4,1.27,PK,3505.0,6.0,1.59,,,,,,,,,,,,,,,,,,,,,,,,,,,,,,,,,,,,,,,,,,,,,,,,,,,,,,,,,,,,,,,,,,,,,,,,,,,,,,,,,,,,,,,,,,,,,,,,
Sivga SV021,headphone,score,,HeadphoneScore,,,,-6.0,7,,,headphone_eq/Sivga SV021/iir-autoeq-score.txt,PK,60.0,-2.7,2.09,PK,148.0,-7.85,0.68,PK,370.0,3.1,1.95,PK,483.0,5.22,2.24,PK,657.0,4.07,2.95,PK,1460.0,-1.08,1.34,PK,3601.0,6.0,1.33,,,,,,,,,,,,,,,,,,,,,,,,,,,,,,,,,,,,,,,,,,,,,,,,,,,,,,,,,,,,,,,,,,,,,,,,,,,,,,,,,,,,,,,,,,,,,,,,
Skullcandy Grind Wireless,headphone,flat,,HeadphoneFlat,,,,-6.0,7,,,headphone_eq/Skullcandy Grind Wireless/iir-autoeq-flat.txt,PK,64.0,5.27,1.44,PK,67.0,-3.13,1.69,PK,133.0,0.54,2.77,PK,404.0,1.96,2.24,PK,789.0,6.0,1.77,PK,2341.0,-4.59,1.85,PK,3652.0,3.07,2.86,,,,,,,,,,,,,,,,,,,,,,,,,,,,,,,,,,,,,,,,,,,,,,,,,,,,,,,,,,,,,,,,,,,,,,,,,,,,,,,,,,,,,,,,,,,,,,,,
Skullcandy Grind Wireless,headphone,score,,HeadphoneScore,,,,-5.7,7,,,headphone_eq/Skullcandy Grind Wireless/iir-autoeq-score.txt,PK,62.0,5.98,1.7,PK,65.0,-3.8,2.43,PK,342.0,0.51,2.69,PK,348.0,0.66,1.68,PK,755.0,5.71,1.34,PK,2268.0,-4.74,2.02,PK,4153.0,2.81,2.83,,,,,,,,,,,,,,,,,,,,,,,,,,,,,,,,,,,,,,,,,,,,,,,,,,,,,,,,,,,,,,,,,,,,,,,,,,,,,,,,,,,,,,,,,,,,,,,,
Sonic Lamb Sonic Lamb Headphone (white),headphone,flat,,HeadphoneFlat,,,,-4.6,7,,,headphone_eq/Sonic Lamb Sonic Lamb Headphone (white)/iir-autoeq-flat.txt,PK,60.0,6.0,1.35,PK,73.0,-9.46,5.74,PK,214.0,-2.64,1.17,PK,296.0,-0.87,0.53,PK,1637.0,1.82,3.02,PK,2317.0,-4.04,2.54,PK,3250.0,5.5,2.64,,,,,,,,,,,,,,,,,,,,,,,,,,,,,,,,,,,,,,,,,,,,,,,,,,,,,,,,,,,,,,,,,,,,,,,,,,,,,,,,,,,,,,,,,,,,,,,,
Sonic Lamb Sonic Lamb Headphone (white),headphone,score,,HeadphoneScore,,,,-5.1,7,,,headphone_eq/Sonic Lamb Sonic Lamb Headphone (white)/iir-autoeq-score.txt,PK,60.0,6.0,1.39,PK,71.0,-8.69,4.6,PK,210.0,-2.04,1.32,PK,296.0,-1.44,0.57,PK,681.0,1.07,4.49,PK,2406.0,-2.73,2.4,PK,3338.0,5.96,3.99,,,,,,,,,,,,,,,,,,,,,,,,,,,,,,,,,,,,,,,,,,,,,,,,,,,,,,,,,,,,,,,,,,,,,,,,,,,,,,,,,,,,,,,,,,,,,,,,
Sony MDR-7506 (Samarium Cobalt),headphone,flat,,HeadphoneFlat,,,,-6.0,7,,,headphone_eq/Sony MDR-7506 (Samarium Cobalt)/iir-autoeq-flat.txt,PK,60.0,2.25,2.53,PK,68.0,3.79,1.57,PK,195.0,5.96,1.55,PK,338.0,-2.0,2.09,PK,657.0,1.21,1.65,PK,2588.0,-1.5,1.89,PK,3360.0,2.67,3.67,,,,,,,,,,,,,,,,,,,,,,,,,,,,,,,,,,,,,,,,,,,,,,,,,,,,,,,,,,,,,,,,,,,,,,,,,,,,,,,,,,,,,,,,,,,,,,,,
Sony MDR-7506 (Samarium Cobalt),headphone,score,,HeadphoneScore,,,,-6.0,7,,,headphone_eq/Sony MDR-7506 (Samarium Cobalt)/iir-autoeq-score.txt,PK,65.0,5.8,1.58,PK,127.0,-0.09,1.9,PK,195.0,5.87,1.83,PK,354.0,-1.61,2.02,PK,751.0,1.42,1.63,PK,1779.0,-1.18,1.99,PK,3808.0,2.09,2.89,,,,,,,,,,,,,,,,,,,,,,,,,,,,,,,,,,,,,,,,,,,,,,,,,,,,,,,,,,,,,,,,,,,,,,,,,,,,,,,,,,,,,,,,,,,,,,,,
Sony MDR-CD900ST,headphone,flat,,HeadphoneFlat,,,,-6.0,7,,,headphone_eq/Sony MDR-CD900ST/iir-autoeq-flat.txt,PK,74.0,4.82,0.89,PK,130.0,-7.12,1.75,PK,133.0,3.94,3.5,PK,563.0,-5.38,0.52,PK,1466.0,1.15,1.73,PK,1963.0,4.34,2.56,PK,14724.0,6.0,0.6,,,,,,,,,,,,,,,,,,,,,,,,,,,,,,,,,,,,,,,,,,,,,,,,,,,,,,,,,,,,,,,,,,,,,,,,,,,,,,,,,,,,,,,,,,,,,,,,
Sony MDR-CD900ST,headphone,score,,HeadphoneScore,,,,-4.7,7,,,headphone_eq/Sony MDR-CD900ST/iir-autoeq-score.txt,PK,74.0,5.05,1.19,PK,122.0,-3.3,1.03,PK,179.0,-0.74,2.35,PK,527.0,-5.64,0.8,PK,1460.0,-1.3,1.56,PK,1848.0,3.88,1.84,PK,7527.0,4.71,1.81,,,,,,,,,,,,,,,,,,,,,,,,,,,,,,,,,,,,,,,,,,,,,,,,,,,,,,,,,,,,,,,,,,,,,,,,,,,,,,,,,,,,,,,,,,,,,,,,
Sony MDR-ZX110,headphone,score,,HeadphoneScore,,,,-5.9,7,,,headphone_eq/Sony MDR-ZX110/iir-autoeq-score.txt,PK,63.0,6.0,1.14,PK,175.0,3.89,4.45,PK,176.0,-10.46,1.64,PK,497.0,-5.9,0.91,PK,1081.0,1.3,2.72,PK,1462.0,-4.56,4.58,PK,3985.0,6.0,0.5,,,,,,,,,,,,,,,,,,,,,,,,,,,,,,,,,,,,,,,,,,,,,,,,,,,,,,,,,,,,,,,,,,,,,,,,,,,,,,,,,,,,,,,,,,,,,,,,
Sony MDRV6,headphone,flat,,HeadphoneFlat,,,,-6.1,7,,,headphone_eq/Sony MDRV6/iir-autoeq-flat.txt,PK,69.0,-3.58,2.08,PK,87.0,4.05,4.93,PK,197.0,6.0,1.76,PK,440.0,-1.26,4.96,PK,663.0,0.85,0.65,PK,3122.0,-2.0,0.89,PK,3592.0,5.6,3.63,,,,,,,,,,,,,,,,,,,,,,,,,,,,,,,,,,,,,,,,,,,,,,,,,,,,,,,,,,,,,,,,,,,,,,,,,,,,,,,,,,,,,,,,,,,,,,,,
Sony MDRV6,headphone,score,,HeadphoneScore,,,,-6.3,7,,,headphone_eq/Sony MDRV6/iir-autoeq-score.txt,PK,64.0,-4.36,2.31,PK,83.0,2.52,1.29,PK,198.0,5.99,2.2,PK,351.0,0.87,2.08,PK,701.0,0.79,3.54,PK,2424.0,-1.66,1.49,PK,3615.0,4.9,4.44,,,,,,,,,,,,,,,,,,,,,,,,,,,,,,,,,,,,,,,,,,,,,,,,,,,,,,,,,,,,,,,,,,,,,,,,,,,,,,,,,,,,,,,,,,,,,,,,
Sony WH-1000MX4,headphone,flat,,HeadphoneFlat,,,,-4.8,7,,,headphone_eq/Sony WH-1000MX4/iir-autoeq-flat.txt,PK,60.0,-2.86,5.11,PK,194.0,-17.67,0.66,PK,203.0,4.06,3.47,PK,339.0,6.0,2.89,PK,1687.0,0.78,2.55,PK,2455.0,5.73,2.65,PK,3243.0,-4.15,4.08,,,,,,,,,,,,,,,,,,,,,,,,,,,,,,,,,,,,,,,,,,,,,,,,,,,,,,,,,,,,,,,,,,,,,,,,,,,,,,,,,,,,,,,,,,,,,,,,
Sony WH-1000MX4,headphone,score,,HeadphoneScore,,,,-4.6,7,,,headphone_eq/Sony WH-1000MX4/iir-autoeq-score.txt,PK,94.0,4.69,1.93,PK,165.0,-18.0,0.5,PK,166.0,3.03,2.56,PK,353.0,6.0,2.62,PK,974.0,2.15,4.48,PK,2286.0,5.42,2.44,PK,5180.0,-6.69,3.25,,,,,,,,,,,,,,,,,,,,,,,,,,,,,,,,,,,,,,,,,,,,,,,,,,,,,,,,,,,,,,,,,,,,,,,,,,,,,,,,,,,,,,,,,,,,,,,,
Status Flagship ANC,headphone,score,,HeadphoneScore,,,,-6.0,7,,,headphone_eq/Status Flagship ANC/iir-autoeq-score.txt,PK,60.0,-4.94,2.03,PK,62.0,3.53,2.14,PK,305.0,-5.31,0.65,PK,371.0,5.31,1.39,PK,657.0,3.07,2.66,PK,2326.0,2.51,2.64,PK,8919.0,5.97,0.5,,,,,,,,,,,,,,,,,,,,,,,,,,,,,,,,,,,,,,,,,,,,,,,,,,,,,,,,,,,,,,,,,,,,,,,,,,,,,,,,,,,,,,,,,,,,,,,,
Stax SR-009S,headphone,flat,,HeadphoneFlat,,,,-6.1,7,,,headphone_eq/Stax SR-009S/iir-autoeq-flat.txt,PK,60.0,5.08,0.93,PK,99.0,1.57,5.95,PK,148.0,2.55,0.7,PK,387.0,1.73,2.89,PK,683.0,0.95,4.12,PK,1612.0,-1.88,3.78,PK,6142.0,5.89,0.5,,,,,,,,,,,,,,,,,,,,,,,,,,,,,,,,,,,,,,,,,,,,,,,,,,,,,,,,,,,,,,,,,,,,,,,,,,,,,,,,,,,,,,,,,,,,,,,,
Stax SR-009S,headphone,score,,HeadphoneScore,,,,-6.0,7,,,headphone_eq/Stax SR-009S/iir-autoeq-score.txt,PK,66.0,5.66,0.71,PK,75.0,-0.41,4.36,PK,133.0,1.68,1.0,PK,374.0,2.25,1.83,PK,1102.0,-3.21,2.19,PK,1460.0,1.54,2.88,PK,6610.0,6.0,0.5,,,,,,,,,,,,,,,,,,,,,,,,,,,,,,,,,,,,,,,,,,,,,,,,,,,,,,,,,,,,,,,,,,,,,,,,,,,,,,,,,,,,,,,,,,,,,,,,
Superlux HD668B,headphone,flat,,HeadphoneFlat,,,,-5.9,7,,,headphone_eq/Superlux HD668B/iir-autoeq-flat.txt,PK,60.0,2.17,2.13,PK,159.0,4.21,3.31,PK,160.0,-6.41,1.81,PK,327.0,-4.83,0.56,PK,1460.0,-1.58,2.03,PK,1728.0,2.11,2.68,PK,3385.0,6.0,1.2,,,,,,,,,,,,,,,,,,,,,,,,,,,,,,,,,,,,,,,,,,,,,,,,,,,,,,,,,,,,,,,,,,,,,,,,,,,,,,,,,,,,,,,,,,,,,,,,
Superlux HD668B,headphone,score,,HeadphoneScore,,,,-5.9,7,,,headphone_eq/Superlux HD668B/iir-autoeq-score.txt,PK,60.0,2.01,1.1,PK,161.0,1.5,2.92,PK,163.0,-4.54,1.06,PK,325.0,-3.99,0.56,PK,858.0,-1.46,2.4,PK,1667.0,0.59,3.29,PK,3418.0,6.0,1.4,,,,,,,,,,,,,,,,,,,,,,,,,,,,,,,,,,,,,,,,,,,,,,,,,,,,,,,,,,,,,,,,,,,,,,,,,,,,,,,,,,,,,,,,,,,,,,,,
TANCHJIM Origin,headphone,flat,,HeadphoneFlat,,,,-5.9,7,,,headphone_eq/TANCHJIM Origin/iir-autoeq-flat.txt,PK,62.0,4.09,1.08,PK,148.0,2.53,1.83,PK,167.0,-3.54,1.02,PK,407.0,0.54,1.97,PK,657.0,2.75,1.58,PK,4028.0,-1.8,3.73,PK,6393.0,6.0,1.48,,,,,,,,,,,,,,,,,,,,,,,,,,,,,,,,,,,,,,,,,,,,,,,,,,,,,,,,,,,,,,,,,,,,,,,,,,,,,,,,,,,,,,,,,,,,,,,,
TANCHJIM Origin,headphone,score,,HeadphoneScore,,,,-6.0,7,,,headphone_eq/TANCHJIM Origin/iir-autoeq-score.txt,PK,63.0,3.85,1.04,PK,144.0,3.84,2.57,PK,150.0,-4.3,1.58,PK,296.0,-1.01,1.07,PK,657.0,2.77,0.94,PK,1522.0,-1.43,2.74,PK,6551.0,6.0,1.59,,,,,,,,,,,,,,,,,,,,,,,,,,,,,,,,,,,,,,,,,,,,,,,,,,,,,,,,,,,,,,,,,,,,,,,,,,,,,,,,,,,,,,,,,,,,,,,,
Tascam TH-07,headphone,flat,,HeadphoneFlat,,,,-0.4,7,,,headphone_eq/Tascam TH-07/iir-autoeq-flat.txt,PK,80.0,6.0,4.3,PK,96.0,-5.56,0.5,PK,178.0,-4.03,2.31,PK,301.0,-0.3,1.56,PK,1368.0,0.48,3.03,PK,4505.0,2.62,4.89,PK,4683.0,-5.8,2.12,,,,,,,,,,,,,,,,,,,,,,,,,,,,,,,,,,,,,,,,,,,,,,,,,,,,,,,,,,,,,,,,,,,,,,,,,,,,,,,,,,,,,,,,,,,,,,,,
Tascam TH-07,headphone,score,,HeadphoneScore,,,,-0.0,7,,,headphone_eq/Tascam TH-07/iir-autoeq-score.txt,PK,60.0,-3.38,4.44,PK,165.0,-8.33,1.26,PK,178.0,0.72,3.24,PK,310.0,-0.12,1.27,PK,658.0,-1.02,2.37,PK,2262.0,0.3,3.02,PK,3865.0,-4.38,3.47,,,,,,,,,,,,,,,,,,,,,,,,,,,,,,,,,,,,,,,,,,,,,,,,,,,,,,,,,,,,,,,,,,,,,,,,,,,,,,,,,,,,,,,,,,,,,,,,
THIEAUDIO GHOST,headphone,flat,,HeadphoneFlat,,,,-5.4,7,,,headphone_eq/THIEAUDIO GHOST/iir-autoeq-flat.txt,PK,63.0,5.79,1.37,PK,167.0,1.4,2.51,PK,175.0,-4.32,1.41,PK,320.0,-1.64,0.98,PK,1460.0,-4.19,0.78,PK,1934.0,4.73,2.46,PK,3369.0,3.93,0.5,,,,,,,,,,,,,,,,,,,,,,,,,,,,,,,,,,,,,,,,,,,,,,,,,,,,,,,,,,,,,,,,,,,,,,,,,,,,,,,,,,,,,,,,,,,,,,,,
THIEAUDIO GHOST,headphone,score,,HeadphoneScore,,,,-5.3,7,,,headphone_eq/THIEAUDIO GHOST/iir-autoeq-score.txt,PK,67.0,5.66,1.85,PK,146.0,-0.75,2.66,PK,196.0,-2.18,1.66,PK,311.0,-2.14,0.76,PK,1460.0,-2.65,0.96,PK,1962.0,4.48,2.96,PK,3988.0,4.09,0.71,,,,,,,,,,,,,,,,,,,,,,,,,,,,,,,,,,,,,,,,,,,,,,,,,,,,,,,,,,,,,,,,,,,,,,,,,,,,,,,,,,,,,,,,,,,,,,,,
TRUTHEAR Crinacle Zero Blue2,headphone,flat,,HeadphoneFlat,,,,-2.3,7,,,headphone_eq/TRUTHEAR Crinacle Zero Blue2/iir-autoeq-flat.txt,PK,79.0,-3.32,1.58,PK,95.0,4.09,1.22,PK,236.0,1.04,1.27,PK,381.0,0.75,1.16,PK,657.0,0.42,1.67,PK,1461.0,-0.28,4.22,PK,3243.0,0.8,2.14,,,,,,,,,,,,,,,,,,,,,,,,,,,,,,,,,,,,,,,,,,,,,,,,,,,,,,,,,,,,,,,,,,,,,,,,,,,,,,,,,,,,,,,,,,,,,,,,
TRUTHEAR Crinacle Zero Blue2,headphone,score,,HeadphoneScore,,,,-2.5,7,,,headphone_eq/TRUTHEAR Crinacle Zero Blue2/iir-autoeq-score.txt,PK,96.0,-2.43,1.11,PK,108.0,4.33,1.7,PK,309.0,4.73,1.09,PK,321.0,-3.58,1.67,PK,1582.0,-2.71,1.08,PK,2717.0,3.86,0.57,PK,4005.0,-3.78,1.78,,,,,,,,,,,,,,,,,,,,,,,,,,,,,,,,,,,,,,,,,,,,,,,,,,,,,,,,,,,,,,,,,,,,,,,,,,,,,,,,,,,,,,,,,,,,,,,,
TRUTHEAR Crinacle Zero_RED,headphone,score,,HeadphoneScore,,,,-5.0,7,,,headphone_eq/TRUTHEAR Crinacle Zero_RED/iir-autoeq-score.txt,PK,77.0,5.26,0.85,PK,88.0,-3.06,1.01,PK,146.0,2.38,1.59,PK,513.0,0.47,4.25,PK,707.0,1.04,2.88,PK,1618.0,-0.31,5.08,PK,6941.0,5.04,1.25,,,,,,,,,,,,,,,,,,,,,,,,,,,,,,,,,,,,,,,,,,,,,,,,,,,,,,,,,,,,,,,,,,,,,,,,,,,,,,,,,,,,,,,,,,,,,,,,
TRUTHEAR GATE,headphone,flat,,HeadphoneFlat,,,,-6.0,7,,,headphone_eq/TRUTHEAR GATE/iir-autoeq-flat.txt,PK,68.0,5.22,1.15,PK,71.0,-2.45,1.91,PK,143.0,1.29,2.48,PK,557.0,1.63,2.14,PK,1278.0,2.33,0.71,PK,1460.0,-2.92,1.38,PK,8129.0,5.99,1.23,,,,,,,,,,,,,,,,,,,,,,,,,,,,,,,,,,,,,,,,,,,,,,,,,,,,,,,,,,,,,,,,,,,,,,,,,,,,,,,,,,,,,,,,,,,,,,,,
TRUTHEAR GATE,headphone,score,,HeadphoneScore,,,,-6.0,7,,,headphone_eq/TRUTHEAR GATE/iir-autoeq-score.txt,PK,71.0,5.07,1.16,PK,73.0,-2.39,2.07,PK,149.0,1.29,2.93,PK,455.0,0.66,2.72,PK,666.0,1.9,1.43,PK,1460.0,-0.81,2.26,PK,8068.0,6.0,0.96,,,,,,,,,,,,,,,,,,,,,,,,,,,,,,,,,,,,,,,,,,,,,,,,,,,,,,,,,,,,,,,,,,,,,,,,,,,,,,,,,,,,,,,,,,,,,,,,
TRUTHEAR Zero,headphone,flat,,HeadphoneFlat,,,,-2.2,7,,,headphone_eq/TRUTHEAR Zero/iir-autoeq-flat.txt,PK,60.0,1.26,3.14,PK,105.0,-1.16,2.01,PK,156.0,2.18,1.4,PK,475.0,1.85,1.45,PK,657.0,0.69,2.03,PK,3243.0,2.31,1.77,PK,3306.0,-2.45,1.58,,,,,,,,,,,,,,,,,,,,,,,,,,,,,,,,,,,,,,,,,,,,,,,,,,,,,,,,,,,,,,,,,,,,,,,,,,,,,,,,,,,,,,,,,,,,,,,,
TRUTHEAR Zero,headphone,score,,HeadphoneScore,,,,-2.0,7,,,headphone_eq/TRUTHEAR Zero/iir-autoeq-score.txt,PK,60.0,0.81,4.35,PK,100.0,-1.46,2.09,PK,277.0,3.39,0.5,PK,295.0,-2.53,1.47,PK,657.0,0.49,0.98,PK,1504.0,-0.72,0.79,PK,3243.0,0.28,0.99,,,,,,,,,,,,,,,,,,,,,,,,,,,,,,,,,,,,,,,,,,,,,,,,,,,,,,,,,,,,,,,,,,,,,,,,,,,,,,,,,,,,,,,,,,,,,,,,
UGreen Max5c,headphone,flat,,HeadphoneFlat,,,,-6.0,7,,,headphone_eq/UGreen Max5c/iir-autoeq-flat.txt,PK,69.0,3.64,0.98,PK,71.0,-6.52,3.02,PK,133.0,3.8,4.04,PK,295.0,-3.84,0.5,PK,657.0,2.89,1.02,PK,1943.0,1.01,4.56,PK,13445.0,6.0,0.5,,,,,,,,,,,,,,,,,,,,,,,,,,,,,,,,,,,,,,,,,,,,,,,,,,,,,,,,,,,,,,,,,,,,,,,,,,,,,,,,,,,,,,,,,,,,,,,,
UGreen Max5c,headphone,score,,HeadphoneScore,,,,-5.9,7,,,headphone_eq/UGreen Max5c/iir-autoeq-score.txt,PK,61.0,3.44,3.95,PK,64.0,-4.66,2.2,PK,133.0,3.44,2.69,PK,295.0,-3.13,0.72,PK,657.0,2.07,2.1,PK,1562.0,0.38,2.69,PK,10173.0,5.92,0.87,,,,,,,,,,,,,,,,,,,,,,,,,,,,,,,,,,,,,,,,,,,,,,,,,,,,,,,,,,,,,,,,,,,,,,,,,,,,,,,,,,,,,,,,,,,,,,,,
Verisonix Pro DJ N1502C,headphone,flat,,HeadphoneFlat,,,,-6.1,7,,,headphone_eq/Verisonix Pro DJ N1502C/iir-autoeq-flat.txt,PK,65.0,4.7,2.07,PK,93.0,-1.26,0.74,PK,297.0,-3.13,0.5,PK,340.0,6.0,2.04,PK,657.0,-0.09,4.36,PK,2238.0,3.96,3.11,PK,6128.0,5.96,0.5,,,,,,,,,,,,,,,,,,,,,,,,,,,,,,,,,,,,,,,,,,,,,,,,,,,,,,,,,,,,,,,,,,,,,,,,,,,,,,,,,,,,,,,,,,,,,,,,
Verisonix Pro DJ N1502C,headphone,score,,HeadphoneScore,,,,-6.0,7,,,headphone_eq/Verisonix Pro DJ N1502C/iir-autoeq-score.txt,PK,60.0,-2.38,2.55,PK,62.0,5.93,3.09,PK,295.0,-3.64,0.5,PK,340.0,6.0,2.15,PK,1112.0,-4.84,2.36,PK,2171.0,4.3,1.91,PK,5993.0,5.87,0.5,,,,,,,,,,,,,,,,,,,,,,,,,,,,,,,,,,,,,,,,,,,,,,,,,,,,,,,,,,,,,,,,,,,,,,,,,,,,,,,,,,,,,,,,,,,,,,,,
Verum Audio Verum 1,headphone,flat,,HeadphoneFlat,,,,-6.0,7,,,headphone_eq/Verum Audio Verum 1/iir-autoeq-flat.txt,PK,61.0,2.71,0.95,PK,172.0,1.62,2.18,PK,183.0,-3.94,1.27,PK,882.0,-3.98,0.61,PK,1461.0,0.37,1.95,PK,1976.0,6.0,2.11,PK,7111.0,6.0,1.35,,,,,,,,,,,,,,,,,,,,,,,,,,,,,,,,,,,,,,,,,,,,,,,,,,,,,,,,,,,,,,,,,,,,,,,,,,,,,,,,,,,,,,,,,,,,,,,,
Verum Audio Verum 1,headphone,score,,HeadphoneScore,,,,-6.0,7,,,headphone_eq/Verum Audio Verum 1/iir-autoeq-score.txt,PK,61.0,2.14,1.88,PK,90.0,0.93,1.03,PK,173.0,-1.56,1.41,PK,449.0,-2.66,0.5,PK,1034.0,-3.42,2.4,PK,1968.0,5.31,2.4,PK,7549.0,5.96,1.02,,,,,,,,,,,,,,,,,,,,,,,,,,,,,,,,,,,,,,,,,,,,,,,,,,,,,,,,,,,,,,,,,,,,,,,,,,,,,,,,,,,,,,,,,,,,,,,,
Verum Audio Verum 2 (Pearl),headphone,flat,,HeadphoneFlat,,,,-6.0,7,,,headphone_eq/Verum Audio Verum 2 (Pearl)/iir-autoeq-flat.txt,PK,60.0,4.16,2.43,PK,93.0,3.86,1.32,PK,150.0,1.13,1.69,PK,498.0,2.35,0.86,PK,1460.0,-5.95,0.96,PK,1482.0,3.89,2.61,PK,3818.0,5.98,0.5,,,,,,,,,,,,,,,,,,,,,,,,,,,,,,,,,,,,,,,,,,,,,,,,,,,,,,,,,,,,,,,,,,,,,,,,,,,,,,,,,,,,,,,,,,,,,,,,
Verum Audio Verum 2 (Pearl),headphone,score,,HeadphoneScore,,,,-5.9,7,,,headphone_eq/Verum Audio Verum 2 (Pearl)/iir-autoeq-score.txt,PK,67.0,5.96,0.84,PK,72.0,-1.0,2.54,PK,133.0,1.13,1.1,PK,413.0,1.82,2.32,PK,657.0,1.23,4.36,PK,1474.0,-1.43,2.52,PK,4397.0,5.96,0.75,,,,,,,,,,,,,,,,,,,,,,,,,,,,,,,,,,,,,,,,,,,,,,,,,,,,,,,,,,,,,,,,,,,,,,,,,,,,,,,,,,,,,,,,,,,,,,,,
Yamaha RH-5Ma,headphone,flat,,HeadphoneFlat,,,,-3.3,7,,,headphone_eq/Yamaha RH-5Ma/iir-autoeq-flat.txt,PK,60.0,1.27,2.47,PK,121.0,-2.22,0.64,PK,329.0,3.41,2.48,PK,402.0,-3.8,1.25,PK,757.0,4.23,1.67,PK,1460.0,-2.22,4.61,PK,3243.0,1.85,1.34,,,,,,,,,,,,,,,,,,,,,,,,,,,,,,,,,,,,,,,,,,,,,,,,,,,,,,,,,,,,,,,,,,,,,,,,,,,,,,,,,,,,,,,,,,,,,,,,
Yamaha RH-5Ma,headphone,score,,HeadphoneScore,,,,-3.5,7,,,headphone_eq/Yamaha RH-5Ma/iir-autoeq-score.txt,PK,60.0,0.77,4.59,PK,128.0,-1.96,0.86,PK,260.0,1.57,1.72,PK,365.0,-1.58,0.5,PK,776.0,4.39,2.45,PK,2528.0,3.41,2.1,PK,3243.0,-1.37,1.58,,,,,,,,,,,,,,,,,,,,,,,,,,,,,,,,,,,,,,,,,,,,,,,,,,,,,,,,,,,,,,,,,,,,,,,,,,,,,,,,,,,,,,,,,,,,,,,,
Yamaha YH-5000SE,headphone,flat,,HeadphoneFlat,,,,-6.0,7,,,headphone_eq/Yamaha YH-5000SE/iir-autoeq-flat.txt,PK,69.0,5.28,0.96,PK,83.0,-1.7,2.71,PK,209.0,1.53,1.13,PK,439.0,2.61,2.39,PK,697.0,1.23,2.71,PK,2398.0,3.36,2.34,PK,6099.0,5.87,0.5,,,,,,,,,,,,,,,,,,,,,,,,,,,,,,,,,,,,,,,,,,,,,,,,,,,,,,,,,,,,,,,,,,,,,,,,,,,,,,,,,,,,,,,,,,,,,,,,
Yamaha YH-5000SE,headphone,score,,HeadphoneScore,,,,-6.0,7,,,headphone_eq/Yamaha YH-5000SE/iir-autoeq-score.txt,PK,60.0,4.41,0.83,PK,132.0,0.47,2.91,PK,184.0,1.32,1.81,PK,459.0,2.29,1.58,PK,1460.0,-4.28,3.59,PK,2305.0,3.89,1.21,PK,6261.0,5.57,0.5,,,,,,,,,,,,,,,,,,,,,,,,,,,,,,,,,,,,,,,,,,,,,,,,,,,,,,,,,,,,,,,,,,,,,,,,,,,,,,,,,,,,,,,,,,,,,,,,
ZMF Atrium Closed,headphone,flat,,HeadphoneFlat,,,,-3.2,7,,,headphone_eq/ZMF Atrium Closed/iir-autoeq-flat.txt,PK,74.0,1.36,2.59,PK,93.0,-7.34,0.5,PK,191.0,4.04,2.84,PK,364.0,-6.21,0.5,PK,1460.0,-1.5,1.36,PK,1711.0,5.85,2.95,PK,4313.0,-8.45,3.15,,,,,,,,,,,,,,,,,,,,,,,,,,,,,,,,,,,,,,,,,,,,,,,,,,,,,,,,,,,,,,,,,,,,,,,,,,,,,,,,,,,,,,,,,,,,,,,,
ZMF Atrium Closed,headphone,score,,HeadphoneScore,,,,-3.6,7,,,headphone_eq/ZMF Atrium Closed/iir-autoeq-score.txt,PK,61.0,-1.09,3.94,PK,112.0,-7.39,0.62,PK,189.0,3.71,2.42,PK,373.0,-6.51,0.6,PK,1785.0,6.0,3.18,PK,1851.0,-1.26,0.78,PK,4626.0,-6.91,2.59,,,,,,,,,,,,,,,,,,,,,,,,,,,,,,,,,,,,,,,,,,,,,,,,,,,,,,,,,,,,,,,,,,,,,,,,,,,,,,,,,,,,,,,,,,,,,,,,
ZMF Bokeh,headphone,flat,,HeadphoneFlat,,,,-6.0,7,,,headphone_eq/ZMF Bokeh/iir-autoeq-flat.txt,PK,90.0,3.13,3.98,PK,95.0,-4.59,2.99,PK,325.0,-7.42,1.39,PK,343.0,4.41,3.42,PK,1461.0,-0.86,0.66,PK,2253.0,3.26,3.62,PK,10398.0,6.0,0.58,,,,,,,,,,,,,,,,,,,,,,,,,,,,,,,,,,,,,,,,,,,,,,,,,,,,,,,,,,,,,,,,,,,,,,,,,,,,,,,,,,,,,,,,,,,,,,,,
ZMF Bokeh,headphone,score,,HeadphoneScore,,,,-6.0,7,,,headphone_eq/ZMF Bokeh/iir-autoeq-score.txt,PK,75.0,0.9,4.98,PK,110.0,-1.54,1.41,PK,155.0,2.82,2.98,PK,295.0,-4.31,0.6,PK,968.0,-0.41,4.34,PK,2396.0,2.46,2.93,PK,10193.0,6.0,0.53,,,,,,,,,,,,,,,,,,,,,,,,,,,,,,,,,,,,,,,,,,,,,,,,,,,,,,,,,,,,,,,,,,,,,,,,,,,,,,,,,,,,,,,,,,,,,,,,
ZMF Caldera,headphone,flat,,HeadphoneFlat,,,,-2.5,7,,,headphone_eq/ZMF Caldera/iir-autoeq-flat.txt,PK,63.0,0.83,2.22,PK,150.0,1.48,2.04,PK,156.0,-3.29,1.32,PK,353.0,-4.89,0.5,PK,1485.0,4.41,2.97,PK,2703.0,-4.8,1.09,PK,3562.0,6.0,3.07,,,,,,,,,,,,,,,,,,,,,,,,,,,,,,,,,,,,,,,,,,,,,,,,,,,,,,,,,,,,,,,,,,,,,,,,,,,,,,,,,,,,,,,,,,,,,,,,
ZMF Caldera,headphone,score,,HeadphoneScore,,,,-3.7,7,,,headphone_eq/ZMF Caldera/iir-autoeq-score.txt,PK,68.0,1.14,1.23,PK,152.0,-2.38,0.66,PK,187.0,-0.51,2.97,PK,401.0,-4.39,0.5,PK,1463.0,2.95,2.68,PK,2524.0,-5.74,3.3,PK,3667.0,4.58,4.38,,,,,,,,,,,,,,,,,,,,,,,,,,,,,,,,,,,,,,,,,,,,,,,,,,,,,,,,,,,,,,,,,,,,,,,,,,,,,,,,,,,,,,,,,,,,,,,,
